Millis, ID, Ext, Bus, Len, B0, B1, B2, B3, B4, B5, B6, B7
423,534,0,0,2,ae,7,0,0,0,0,0,0
429,508,0,0,5,0,0,0,0,1,0,0,0
436,509,0,0,6,7f,ff,7f,ff,7f,ff,0,0
442,514,0,0,3,3,ff,0,0,0,0,0,0
448,512,0,0,4,0,0,0,0,0,0,0,0
454,50C,0,0,3,77,6,1,0,0,0,0,0
467,500,0,0,1,1,0,0,0,0,0,0,0
472,504,0,0,3,0,cb,1,0,0,0,0,0
478,540,0,0,6,9,90,0,8,90,0,0,0
484,508,0,0,5,0,0,0,0,1,0,0,0
490,509,0,0,6,7f,ff,7f,ff,7f,ff,0,0
497,514,0,0,3,3,ff,0,0,0,0,0,0
503,512,0,0,4,0,0,0,0,0,0,0,0
509,50C,0,0,3,77,6,1,0,0,0,0,0
517,500,0,0,1,1,0,0,0,0,0,0,0
524,504,0,0,3,0,cb,1,0,0,0,0,0
530,524,0,0,8,0,9,9,9,9,9,9,9
536,534,0,0,2,ae,7,0,0,0,0,0,0
542,508,0,0,5,0,0,0,0,1,0,0,0
549,509,0,0,6,7f,ff,7f,ff,7f,ff,0,0
555,514,0,0,3,3,ff,0,0,0,0,0,0
561,512,0,0,4,0,0,0,0,0,0,0,0
568,50C,0,0,3,77,6,1,0,0,0,0,0
574,500,0,0,1,1,0,0,0,0,0,0,0
581,504,0,0,3,0,cb,1,0,0,0,0,0
587,544,0,0,6,9,80,0,b,90,0,0,0
593,508,0,0,5,0,0,0,0,1,0,0,0
600,509,0,0,6,7f,ff,7f,ff,7f,ff,0,0
606,514,0,0,3,3,ff,0,0,0,0,0,0
613,512,0,0,4,0,0,0,0,0,0,0,0
621,50C,0,0,3,77,6,1,0,0,0,0,0
628,500,0,0,1,1,0,0,0,0,0,0,0
634,534,0,0,2,ae,7,0,0,0,0,0,0
641,500,0,0,1,1,0,0,0,0,0,0,0
647,508,0,0,5,0,0,0,0,1,0,0,0
653,520,0,0,8,9,9,9,9,b,9,9,9
660,500,0,0,1,1,0,0,0,0,0,0,0
666,500,0,0,1,1,0,0,0,0,0,0,0
673,508,0,0,5,0,0,0,0,1,0,0,0
679,500,0,0,1,1,0,0,0,0,0,0,0
686,500,0,0,1,1,0,0,0,0,0,0,0
692,548,0,0,6,1d,d0,0,b,a0,0,0,0
699,520,0,0,8,9,9,9,9,b,9,9,9
706,504,0,0,3,0,cb,1,0,0,0,0,0
712,508,0,0,5,0,0,0,0,1,0,0,0
719,524,0,0,8,0,9,9,9,9,9,9,9
725,500,0,0,1,1,0,0,0,0,0,0,0
734,508,0,0,5,0,0,0,0,1,0,0,0
740,504,0,0,3,0,cb,1,0,0,0,0,0
747,509,0,0,6,7f,ff,7f,ff,7f,ff,0,0
753,520,0,0,8,9,9,9,9,b,9,9,9
760,500,0,0,1,1,0,0,0,0,0,0,0
767,508,0,0,5,0,0,0,0,1,0,0,0
773,500,0,0,1,1,0,0,0,0,0,0,0
780,52C,0,0,1,4,0,0,0,0,0,0,0
787,504,0,0,3,0,ca,1,0,0,0,0,0
793,500,0,0,1,1,0,0,0,0,0,0,0
800,548,0,0,6,1e,d0,0,b,a0,0,0,0
806,534,0,0,2,ae,7,0,0,0,0,0,0
813,500,0,0,1,1,0,0,0,0,0,0,0
820,512,0,0,4,0,0,0,0,0,0,0,0
827,534,0,0,2,ad,7,0,0,0,0,0,0
833,508,0,0,5,0,0,0,0,1,0,0,0
842,504,0,0,3,0,cb,1,0,0,0,0,0
849,508,0,0,5,0,0,0,0,1,0,0,0
856,504,0,0,3,0,cb,1,0,0,0,0,0
862,520,0,0,8,9,9,9,9,b,9,9,9
869,508,0,0,5,0,0,0,0,1,0,0,0
876,500,0,0,1,1,0,0,0,0,0,0,0
883,514,0,0,3,3,ff,0,0,0,0,0,0
890,52C,0,0,1,4,0,0,0,0,0,0,0
897,534,0,0,2,ae,7,0,0,0,0,0,0
903,508,0,0,5,0,0,0,0,1,0,0,0
910,500,0,0,1,1,0,0,0,0,0,0,0
917,534,0,0,2,ad,7,0,0,0,0,0,0
924,508,0,0,5,0,0,0,0,1,0,0,0
931,500,0,0,1,1,0,0,0,0,0,0,0
938,524,0,0,8,0,9,9,9,9,9,9,9
945,504,0,0,3,0,cb,1,0,0,0,0,0
954,508,0,0,5,0,0,0,0,1,0,0,0
961,548,0,0,6,1e,d0,0,b,a0,0,0,0
968,500,0,0,1,1,0,0,0,0,0,0,0
975,508,0,0,5,0,0,0,0,1,0,0,0
982,504,0,0,3,0,ca,1,0,0,0,0,0
989,500,0,0,1,1,0,0,0,0,0,0,0
996,52C,0,0,1,4,0,0,0,0,0,0,0
1003,500,0,0,1,1,0,0,0,0,0,0,0
1010,544,0,0,6,9,80,0,b,90,0,0,0
1018,548,0,0,6,1d,d0,0,b,a0,0,0,0
1025,520,0,0,8,9,9,9,9,b,9,9,9
1032,534,0,0,2,ad,7,0,0,0,0,0,0
1039,540,0,0,6,9,a0,0,8,a0,0,0,0
1047,524,0,0,8,0,9,9,9,9,9,9,9
1054,568,0,0,1,14,0,0,0,0,0,0,0
1061,508,0,0,5,0,0,0,0,1,0,0,0
1071,548,0,0,6,1e,d0,0,b,a0,0,0,0
1078,504,0,0,3,0,cb,1,0,0,0,0,0
1086,508,0,0,5,0,0,0,0,1,0,0,0
1093,540,0,0,6,9,a0,0,8,90,0,0,0
1100,534,0,0,2,ad,7,0,0,0,0,0,0
1108,50C,0,0,3,77,6,1,0,0,0,0,0
1115,508,0,0,5,0,0,0,0,1,0,0,0
1123,500,0,0,1,1,0,0,0,0,0,0,0
1130,548,0,0,6,1e,d0,0,b,a0,0,0,0
1137,504,0,0,3,0,cb,1,0,0,0,0,0
1145,500,0,0,1,1,0,0,0,0,0,0,0
1152,500,0,0,1,1,0,0,0,0,0,0,0
1160,508,0,0,5,0,0,0,0,1,0,0,0
1167,500,0,0,1,1,0,0,0,0,0,0,0
1175,544,0,0,6,9,90,0,b,90,0,0,0
1185,548,0,0,6,1d,d0,0,c,a0,0,0,0
1192,508,0,0,5,0,0,0,0,1,0,0,0
1200,508,0,0,5,0,0,0,0,1,0,0,0
1208,504,0,0,3,0,ca,1,0,0,0,0,0
1215,508,0,0,5,0,0,0,0,1,0,0,0
1223,508,0,0,5,0,0,0,0,1,0,0,0
1230,500,0,0,1,1,0,0,0,0,0,0,0
1238,548,0,0,6,1e,d0,0,b,a0,0,0,0
1246,504,0,0,3,0,cb,1,0,0,0,0,0
1253,500,0,0,1,1,0,0,0,0,0,0,0
1261,540,0,0,6,9,a0,0,8,90,0,0,0
1269,508,0,0,5,0,0,0,0,1,0,0,0
1276,570,0,0,1,1a,0,0,0,0,0,0,0
1284,544,0,0,6,9,80,0,b,90,0,0,0
1292,504,0,0,3,0,cb,1,0,0,0,0,0
1299,500,0,0,1,1,0,0,0,0,0,0,0
1310,534,0,0,2,ad,7,0,0,0,0,0,0
1317,508,0,0,5,0,0,0,0,1,0,0,0
1325,52C,0,0,1,4,0,0,0,0,0,0,0
1333,534,0,0,2,ad,7,0,0,0,0,0,0
1340,544,0,0,6,9,80,0,b,90,0,0,0
1348,548,0,0,6,1d,d0,0,b,a0,0,0,0
1356,534,0,0,2,ad,7,0,0,0,0,0,0
1363,509,0,0,6,7f,ff,7f,ff,7f,ff,0,0
1371,504,0,0,3,0,cb,1,0,0,0,0,0
1379,500,0,0,1,1,0,0,0,0,0,0,0
1387,500,0,0,1,1,0,0,0,0,0,0,0
1395,508,0,0,5,0,0,0,0,1,0,0,0
1402,548,0,0,6,1d,d0,0,b,a0,0,0,0
1410,500,0,0,1,1,0,0,0,0,0,0,0
1418,504,0,0,3,0,cb,1,0,0,0,0,0
1428,504,0,0,3,0,cb,1,0,0,0,0,0
1436,508,0,0,5,0,0,0,0,1,0,0,0
1444,534,0,0,2,ad,7,0,0,0,0,0,0
1451,504,0,0,3,0,cb,1,0,0,0,0,0
1459,520,0,0,8,9,9,9,9,b,9,9,9
1467,512,0,0,4,0,0,0,0,0,0,0,0
1475,504,0,0,3,0,cb,1,0,0,0,0,0
1483,570,0,0,1,1a,0,0,0,0,0,0,0
1491,500,0,0,1,1,0,0,0,0,0,0,0
1499,544,0,0,6,9,80,0,b,90,0,0,0
1507,508,0,0,5,0,0,0,0,1,0,0,0
1515,500,0,0,1,1,0,0,0,0,0,0,0
1523,540,0,0,6,9,90,0,8,90,0,0,0
1530,504,0,0,3,0,cb,1,0,0,0,0,0
1538,508,0,0,5,0,0,0,0,1,0,0,0
1546,508,0,0,5,0,0,0,0,1,0,0,0
1557,508,0,0,5,0,0,0,0,1,0,0,0
1565,520,0,0,8,9,9,9,9,b,9,9,9
1573,500,0,0,1,1,0,0,0,0,0,0,0
1581,508,0,0,5,0,0,0,0,1,0,0,0
1589,504,0,0,3,0,cb,1,0,0,0,0,0
1597,504,0,0,3,0,ca,1,0,0,0,0,0
1605,544,0,0,6,9,80,0,b,90,0,0,0
1614,548,0,0,6,1d,d0,0,b,a0,0,0,0
1622,508,0,0,5,0,0,0,0,1,0,0,0
1630,500,0,0,1,1,0,0,0,0,0,0,0
1638,528,0,0,1,4,0,0,0,0,0,0,0
1646,534,0,0,2,ad,7,0,0,0,0,0,0
1654,508,0,0,5,0,0,0,0,1,0,0,0
1663,508,0,0,5,0,0,0,0,1,0,0,0
1671,520,0,0,8,9,9,9,9,b,9,9,9
1679,504,0,0,3,0,cb,1,0,0,0,0,0
1690,534,0,0,2,ad,7,0,0,0,0,0,0
1698,500,0,0,1,1,0,0,0,0,0,0,0
1707,508,0,0,5,0,0,0,0,1,0,0,0
1715,534,0,0,2,ad,7,0,0,0,0,0,0
1723,500,0,0,1,1,0,0,0,0,0,0,0
1732,500,0,0,1,1,0,0,0,0,0,0,0
1746,50C,0,0,3,77,6,1,0,0,0,0,0
1756,52C,0,0,1,4,0,0,0,0,0,0,0
1764,524,0,0,8,0,9,9,9,9,9,9,9
1773,544,0,0,6,9,80,0,b,90,0,0,0
1781,504,0,0,3,0,cb,1,0,0,0,0,0
1790,508,0,0,5,0,0,0,0,1,0,0,0
1799,508,0,0,5,0,0,0,0,1,0,0,0
1807,504,0,0,3,0,cb,1,0,0,0,0,0
1816,504,0,0,3,0,cb,1,0,0,0,0,0
1823,544,0,0,6,9,80,0,c,90,0,0,0
1830,534,0,0,2,ac,7,0,0,0,0,0,0
1836,548,0,0,6,1d,d0,0,b,a0,0,0,0
1842,508,0,0,5,0,0,0,0,1,0,0,0
1855,500,0,0,1,1,0,0,0,0,0,0,0
1860,500,0,0,1,1,0,0,0,0,0,0,0
1867,534,0,0,2,ad,7,0,0,0,0,0,0
1873,504,0,0,3,0,ca,1,0,0,0,0,0
1879,500,0,0,1,1,0,0,0,0,0,0,0
1885,534,0,0,2,ac,7,0,0,0,0,0,0
1891,540,0,0,6,9,a0,0,8,90,0,0,0
1898,504,0,0,3,0,cb,1,0,0,0,0,0
1904,524,0,0,8,0,9,9,9,9,9,9,9
1910,544,0,0,6,9,80,0,b,90,0,0,0
1916,508,0,0,5,0,0,0,0,1,0,0,0
1923,504,0,0,3,0,cb,1,0,0,0,0,0
1931,508,0,0,5,0,0,0,0,1,0,0,0
1937,500,0,0,1,1,0,0,0,0,0,0,0
1944,500,0,0,1,1,0,0,0,0,0,0,0
1950,534,0,0,2,ac,7,0,0,0,0,0,0
1956,504,0,0,3,0,ca,1,0,0,0,0,0
1963,500,0,0,1,1,0,0,0,0,0,0,0
1969,504,0,0,3,0,cb,1,0,0,0,0,0
1975,524,0,0,8,0,9,9,9,9,9,9,9
1982,544,0,0,6,9,80,0,b,90,0,0,0
1988,514,0,0,3,3,ff,0,0,0,0,0,0
1994,508,0,0,5,0,0,0,0,1,0,0,0
2001,540,0,0,6,9,a0,0,9,90,0,0,0
2007,534,0,0,2,ad,7,0,0,0,0,0,0
2014,524,0,0,8,0,9,9,9,9,9,9,9
2020,544,0,0,6,9,80,0,b,90,0,0,0
2026,534,0,0,2,ad,7,0,0,0,0,0,0
2034,548,0,0,6,1e,d0,0,b,a0,0,0,0
2041,500,0,0,1,1,0,0,0,0,0,0,0
2047,508,0,0,5,0,0,0,0,1,0,0,0
2054,504,0,0,3,0,cb,1,0,0,0,0,0
2060,524,0,0,8,0,9,9,9,9,9,9,9
2067,544,0,0,6,9,80,0,b,90,0,0,0
2073,512,0,0,4,0,0,0,0,0,0,0,0
2080,504,0,0,3,0,cb,1,0,0,0,0,0
2086,500,0,0,1,1,0,0,0,0,0,0,0
2093,508,0,0,5,0,0,0,0,1,0,0,0
2099,52C,0,0,1,4,0,0,0,0,0,0,0
2106,500,0,0,1,1,0,0,0,0,0,0,0
2112,508,0,0,5,0,0,0,0,1,0,0,0
2119,500,0,0,1,1,0,0,0,0,0,0,0
2125,50C,0,0,3,77,6,1,0,0,0,0,0
2132,520,0,0,8,9,9,9,9,b,9,9,9
2138,500,0,0,1,1,0,0,0,0,0,0,0
2144,504,0,0,3,0,cb,1,0,0,0,0,0
2151,500,0,0,1,1,0,0,0,0,0,0,0
2157,504,0,0,3,0,ca,1,0,0,0,0,0
2164,508,0,0,5,0,0,0,0,1,0,0,0
2171,544,0,0,6,9,80,0,b,90,0,0,0
2177,504,0,0,3,0,cb,1,0,0,0,0,0
2184,520,0,0,8,9,9,9,9,b,9,9,9
2191,504,0,0,3,0,ca,1,0,0,0,0,0
2197,500,0,0,1,1,0,0,0,0,0,0,0
2204,540,0,0,6,9,a0,0,9,90,0,0,0
2211,504,0,0,3,0,cb,1,0,0,0,0,0
2217,524,0,0,8,0,9,9,9,9,9,9,9
2224,544,0,0,6,a,90,0,b,90,0,0,0
2231,500,0,0,1,1,0,0,0,0,0,0,0
2240,548,0,0,6,1e,d0,0,b,a0,0,0,0
2247,508,0,0,5,0,0,0,0,1,0,0,0
2253,500,0,0,1,1,0,0,0,0,0,0,0
2260,504,0,0,3,0,cb,1,0,0,0,0,0
2267,500,0,0,1,1,0,0,0,0,0,0,0
2274,524,0,0,8,0,9,9,9,9,9,9,9
2281,504,0,0,3,0,cb,1,0,0,0,0,0
2288,534,0,0,2,ad,7,0,0,0,0,0,0
2294,548,0,0,6,1d,d0,0,b,a0,0,0,0
2301,514,0,0,3,3,ff,0,0,0,0,0,0
2308,52C,0,0,1,4,0,0,0,0,0,0,0
2315,504,0,0,3,0,cb,1,0,0,0,0,0
2322,508,0,0,5,0,0,0,0,1,0,0,0
2329,524,0,0,8,0,9,9,9,9,9,9,9
2336,500,0,0,1,1,0,0,0,0,0,0,0
2343,508,0,0,5,0,0,0,0,1,0,0,0
2352,500,0,0,1,1,0,0,0,0,0,0,0
2359,534,0,0,2,ad,7,0,0,0,0,0,0
2366,508,0,0,5,0,0,0,0,1,0,0,0
2373,500,0,0,1,1,0,0,0,0,0,0,0
2380,504,0,0,3,0,cb,1,0,0,0,0,0
2388,500,0,0,1,1,0,0,0,0,0,0,0
2395,500,0,0,1,1,0,0,0,0,0,0,0
2402,520,0,0,8,9,9,9,9,b,9,9,9
2409,508,0,0,5,0,0,0,0,1,0,0,0
2417,504,0,0,3,0,cb,1,0,0,0,0,0
2424,500,0,0,1,1,0,0,0,0,0,0,0
2431,508,0,0,5,0,0,0,0,1,0,0,0
2438,504,0,0,3,0,ca,1,0,0,0,0,0
2446,544,0,0,6,9,90,0,b,90,0,0,0
2453,504,0,0,3,0,cb,1,0,0,0,0,0
2460,508,0,0,5,0,0,0,0,1,0,0,0
2470,500,0,0,1,1,0,0,0,0,0,0,0
2478,504,0,0,3,0,cb,1,0,0,0,0,0
2485,508,0,0,5,0,0,0,0,1,0,0,0
2492,500,0,0,1,1,0,0,0,0,0,0,0
2500,534,0,0,2,ac,7,0,0,0,0,0,0
2507,500,0,0,1,1,0,0,0,0,0,0,0
2515,520,0,0,8,9,9,9,9,b,9,9,9
2522,548,0,0,6,1d,d0,0,b,a0,0,0,0
2530,52C,0,0,1,4,0,0,0,0,0,0,0
2537,504,0,0,3,0,cb,1,0,0,0,0,0
2545,534,0,0,2,ad,7,0,0,0,0,0,0
2552,508,0,0,5,0,0,0,0,1,0,0,0
2560,504,0,0,3,0,cb,1,0,0,0,0,0
2567,500,0,0,1,1,0,0,0,0,0,0,0
2575,548,0,0,6,1e,d0,0,b,a0,0,0,0
2585,504,0,0,3,0,cb,1,0,0,0,0,0
2592,534,0,0,2,ad,7,0,0,0,0,0,0
2600,554,0,0,4,0,0,0,0,0,0,0,0
2608,504,0,0,3,0,cb,1,0,0,0,0,0
2615,508,0,0,5,0,0,0,0,1,0,0,0
2623,520,0,0,8,9,9,9,9,b,9,9,9
2630,504,0,0,3,0,cb,1,0,0,0,0,0
2638,508,0,0,5,0,0,0,0,1,0,0,0
2646,540,0,0,6,9,90,0,8,90,0,0,0
2653,504,0,0,3,0,cb,1,0,0,0,0,0
2661,534,0,0,2,ae,7,0,0,0,0,0,0
2668,544,0,0,6,9,80,0,b,90,0,0,0
2676,504,0,0,3,0,ca,1,0,0,0,0,0
2684,570,0,0,1,1a,0,0,0,0,0,0,0
2691,500,0,0,1,1,0,0,0,0,0,0,0
2699,540,0,0,6,9,a0,0,8,a0,0,0,0
2709,508,0,0,5,0,0,0,0,1,0,0,0
2717,500,0,0,1,1,0,0,0,0,0,0,0
2724,500,0,0,1,1,0,0,0,0,0,0,0
2732,508,0,0,5,0,0,0,0,1,0,0,0
2740,548,0,0,6,1d,d0,0,b,a0,0,0,0
2748,528,0,0,1,4,0,0,0,0,0,0,0
2755,504,0,0,3,0,ca,1,0,0,0,0,0
2763,508,0,0,5,0,0,0,0,1,0,0,0
2771,524,0,0,8,0,9,9,9,9,9,9,9
2779,504,0,0,3,0,cb,1,0,0,0,0,0
2787,500,0,0,1,1,0,0,0,0,0,0,0
2794,508,0,0,5,0,0,0,0,1,0,0,0
2802,504,0,0,3,0,cb,1,0,0,0,0,0
2810,554,0,0,4,0,0,0,0,0,0,0,0
2818,534,0,0,2,ad,7,0,0,0,0,0,0
2826,500,0,0,1,1,0,0,0,0,0,0,0
2836,508,0,0,5,0,0,0,0,1,0,0,0
2844,508,0,0,5,0,0,0,0,1,0,0,0
2851,52C,0,0,1,4,0,0,0,0,0,0,0
2859,504,0,0,3,0,cb,1,0,0,0,0,0
2867,514,0,0,3,3,ff,0,0,0,0,0,0
2875,508,0,0,5,0,0,0,0,1,0,0,0
2883,504,0,0,3,0,ca,1,0,0,0,0,0
2891,570,0,0,1,1a,0,0,0,0,0,0,0
2899,548,0,0,6,1d,d0,0,b,a0,0,0,0
2907,508,0,0,5,0,0,0,0,1,0,0,0
2915,504,0,0,3,0,ca,1,0,0,0,0,0
2923,500,0,0,1,1,0,0,0,0,0,0,0
2931,524,0,0,8,0,9,9,9,9,9,9,9
2939,508,0,0,5,0,0,0,0,1,0,0,0
2947,520,0,0,8,9,9,9,9,b,9,9,9
2957,52C,0,0,1,4,0,0,0,0,0,0,0
2965,540,0,0,6,9,90,0,8,90,0,0,0
2973,504,0,0,3,0,cb,1,0,0,0,0,0
2982,508,0,0,5,0,0,0,0,1,0,0,0
2990,500,0,0,1,1,0,0,0,0,0,0,0
2998,504,0,0,3,0,cb,1,0,0,0,0,0
3006,548,0,0,6,1d,d0,0,b,a0,0,0,0
3014,50C,0,0,3,77,6,1,0,0,0,0,0
3022,508,0,0,5,0,0,0,0,1,0,0,0
3030,504,0,0,3,0,cb,1,0,0,0,0,0
3039,544,0,0,6,9,90,0,b,90,0,0,0
3047,500,0,0,1,1,0,0,0,0,0,0,0
3055,508,0,0,5,0,0,0,0,1,0,0,0
3063,54C,0,0,6,c,c0,0,c,90,0,0,0
3071,540,0,0,6,9,90,0,8,a0,0,0,0
3080,504,0,0,3,0,cb,1,0,0,0,0,0
3091,504,0,0,3,0,cb,1,0,0,0,0,0
3105,504,0,0,3,0,cb,1,0,0,0,0,0
3115,500,0,0,1,1,0,0,0,0,0,0,0
3123,548,0,0,6,1e,d0,0,b,a0,0,0,0
3132,504,0,0,3,0,ca,1,0,0,0,0,0
3140,534,0,0,2,ad,7,0,0,0,0,0,0
3149,55C,0,0,1,14,0,0,0,0,0,0,0
3157,524,0,0,8,0,9,9,9,9,9,9,9
3166,534,0,0,2,ad,7,0,0,0,0,0,0
3175,500,0,0,1,1,0,0,0,0,0,0,0
3183,528,0,0,1,4,0,0,0,0,0,0,0
3192,512,0,0,4,0,0,0,0,0,0,0,0
3200,508,0,0,5,0,0,0,0,1,0,0,0
3210,500,0,0,1,1,0,0,0,0,0,0,0
3215,500,0,0,1,1,0,0,0,0,0,0,0
3221,504,0,0,3,0,cb,1,0,0,0,0,0
3229,548,0,0,6,1d,d0,0,b,a0,0,0,0
3237,550,0,0,4,19,1a,1d,0,0,0,0,0
3247,508,0,0,5,0,0,0,0,1,0,0,0
3252,504,0,0,3,0,ca,1,0,0,0,0,0
3259,504,0,0,3,0,cb,1,0,0,0,0,0
3265,500,0,0,1,1,0,0,0,0,0,0,0
3271,52C,0,0,1,4,0,0,0,0,0,0,0
3277,508,0,0,5,0,0,0,0,1,0,0,0
3283,508,0,0,5,0,0,0,0,1,0,0,0
3290,500,0,0,1,1,0,0,0,0,0,0,0
3296,570,0,0,1,1a,0,0,0,0,0,0,0
3302,504,0,0,3,0,cb,1,0,0,0,0,0
3308,50C,0,0,3,77,6,1,0,0,0,0,0
3315,534,0,0,2,ad,7,0,0,0,0,0,0
3321,508,0,0,5,0,0,0,0,1,0,0,0
3329,534,0,0,2,ad,7,0,0,0,0,0,0
3336,500,0,0,1,1,0,0,0,0,0,0,0
3342,52C,0,0,1,4,0,0,0,0,0,0,0
3348,540,0,0,6,9,90,0,8,90,0,0,0
3355,508,0,0,5,0,0,0,0,1,0,0,0
3361,508,0,0,5,0,0,0,0,1,0,0,0
3367,508,0,0,5,0,0,0,0,1,0,0,0
3373,500,0,0,1,1,0,0,0,0,0,0,0
3380,504,0,0,3,0,ca,1,0,0,0,0,0
3386,550,0,0,4,19,1a,1d,0,0,0,0,0
3392,55C,0,0,1,14,0,0,0,0,0,0,0
3399,508,0,0,5,0,0,0,0,1,0,0,0
3405,544,0,0,6,9,80,0,c,90,0,0,0
3411,504,0,0,3,0,cb,1,0,0,0,0,0
3418,52C,0,0,1,4,0,0,0,0,0,0,0
3424,548,0,0,6,1e,d0,0,b,a0,0,0,0
3433,508,0,0,5,0,0,0,0,1,0,0,0
3439,534,0,0,2,ae,7,0,0,0,0,0,0
3446,500,0,0,1,1,0,0,0,0,0,0,0
3452,508,0,0,5,0,0,0,0,1,0,0,0
3459,520,0,0,8,9,9,9,9,b,9,9,9
3465,504,0,0,3,0,cb,1,0,0,0,0,0
3472,508,0,0,5,0,0,0,0,1,0,0,0
3478,540,0,0,6,9,90,0,8,90,0,0,0
3484,55C,0,0,1,14,0,0,0,0,0,0,0
3491,500,0,0,1,1,0,0,0,0,0,0,0
3497,504,0,0,3,0,ca,1,0,0,0,0,0
3504,508,0,0,5,0,0,0,0,1,0,0,0
3510,504,0,0,3,0,cb,1,0,0,0,0,0
3517,52C,0,0,1,4,0,0,0,0,0,0,0
3524,528,0,0,1,4,0,0,0,0,0,0,0
3530,540,0,0,6,9,a0,0,9,90,0,0,0
3536,508,0,0,5,0,0,0,0,1,0,0,0
3543,509,0,0,6,7f,ff,7f,ff,7f,ff,0,0
3549,534,0,0,2,ad,7,0,0,0,0,0,0
3556,524,0,0,8,0,9,9,9,9,9,9,9
3563,508,0,0,5,0,0,0,0,1,0,0,0
3569,500,0,0,1,1,0,0,0,0,0,0,0
3576,504,0,0,3,0,ca,1,0,0,0,0,0
3582,540,0,0,6,9,90,0,9,90,0,0,0
3589,504,0,0,3,0,cb,1,0,0,0,0,0
3596,509,0,0,6,7f,ff,7f,ff,7f,ff,0,0
3603,500,0,0,1,1,0,0,0,0,0,0,0
3609,544,0,0,6,9,80,0,b,90,0,0,0
3616,500,0,0,1,1,0,0,0,0,0,0,0
3623,52C,0,0,1,4,0,0,0,0,0,0,0
3630,548,0,0,6,1d,d0,0,b,a0,0,0,0
3638,540,0,0,6,9,90,0,8,90,0,0,0
3645,504,0,0,3,0,ca,1,0,0,0,0,0
3652,570,0,0,1,1a,0,0,0,0,0,0,0
3659,508,0,0,5,0,0,0,0,1,0,0,0
3666,508,0,0,5,0,0,0,0,1,0,0,0
3672,520,0,0,8,9,9,9,9,b,9,9,9
3679,508,0,0,5,0,0,0,0,1,0,0,0
3686,500,0,0,1,1,0,0,0,0,0,0,0
3693,504,0,0,3,0,ca,1,0,0,0,0,0
3700,508,0,0,5,0,0,0,0,1,0,0,0
3707,500,0,0,1,1,0,0,0,0,0,0,0
3714,504,0,0,3,0,cb,1,0,0,0,0,0
3721,500,0,0,1,1,0,0,0,0,0,0,0
3728,504,0,0,3,0,cb,1,0,0,0,0,0
3735,528,0,0,1,4,0,0,0,0,0,0,0
3742,508,0,0,5,0,0,0,0,1,0,0,0
3751,504,0,0,3,0,cb,1,0,0,0,0,0
3758,512,0,0,4,0,0,0,0,0,0,0,0
3765,504,0,0,3,0,ca,1,0,0,0,0,0
3772,544,0,0,6,9,90,0,c,90,0,0,0
3780,504,0,0,3,0,cb,1,0,0,0,0,0
3787,520,0,0,8,9,9,9,9,b,9,9,9
3794,550,0,0,4,19,1a,1d,0,0,0,0,0
3801,509,0,0,6,7f,ff,7f,ff,7f,ff,0,0
3809,508,0,0,5,0,0,0,0,1,0,0,0
3816,500,0,0,1,1,0,0,0,0,0,0,0
3823,514,0,0,3,3,ff,0,0,0,0,0,0
3830,500,0,0,1,1,0,0,0,0,0,0,0
3838,504,0,0,3,0,cb,1,0,0,0,0,0
3845,50C,0,0,3,77,6,1,0,0,0,0,0
3852,500,0,0,1,1,0,0,0,0,0,0,0
3862,504,0,0,3,0,cb,1,0,0,0,0,0
3870,504,0,0,3,0,cb,1,0,0,0,0,0
3877,570,0,0,1,1a,0,0,0,0,0,0,0
3884,544,0,0,6,9,80,0,b,90,0,0,0
3892,520,0,0,8,9,9,9,9,b,9,9,9
3899,509,0,0,6,7f,ff,7f,ff,7f,ff,0,0
3907,508,0,0,5,0,0,0,0,1,0,0,0
3914,500,0,0,1,1,0,0,0,0,0,0,0
3921,504,0,0,3,0,cb,1,0,0,0,0,0
3929,508,0,0,5,0,0,0,0,1,0,0,0
3936,500,0,0,1,1,0,0,0,0,0,0,0
3944,524,0,0,8,0,9,9,9,9,9,9,9
3952,508,0,0,5,0,0,0,0,1,0,0,0
3959,528,0,0,1,4,0,0,0,0,0,0,0
3967,534,0,0,2,ad,7,0,0,0,0,0,0
3974,500,0,0,1,1,0,0,0,0,0,0,0
3990,508,0,0,5,0,0,0,0,1,0,0,0
3998,534,0,0,2,ad,7,0,0,0,0,0,0
4006,524,0,0,8,0,9,9,9,9,9,9,9
4013,508,0,0,5,0,0,0,0,1,0,0,0
4021,534,0,0,2,ad,7,0,0,0,0,0,0
4028,540,0,0,6,9,90,0,8,a0,0,0,0
4036,500,0,0,1,1,0,0,0,0,0,0,0
4043,534,0,0,2,ad,7,0,0,0,0,0,0
4051,508,0,0,5,0,0,0,0,1,0,0,0
4058,500,0,0,1,1,0,0,0,0,0,0,0
4066,534,0,0,2,ac,7,0,0,0,0,0,0
4073,528,0,0,1,4,0,0,0,0,0,0,0
4081,500,0,0,1,1,0,0,0,0,0,0,0
4088,534,0,0,2,ac,7,0,0,0,0,0,0
4096,508,0,0,5,0,0,0,0,1,0,0,0
4106,500,0,0,1,1,0,0,0,0,0,0,0
4114,524,0,0,8,0,9,9,9,9,9,9,9
4121,504,0,0,3,0,cb,1,0,0,0,0,0
4129,500,0,0,1,1,0,0,0,0,0,0,0
4136,540,0,0,6,9,a0,0,8,90,0,0,0
4144,508,0,0,5,0,0,0,0,1,0,0,0
4152,534,0,0,2,ae,7,0,0,0,0,0,0
4159,504,0,0,3,0,cb,1,0,0,0,0,0
4167,524,0,0,8,0,9,9,9,9,9,9,9
4174,52C,0,0,1,4,0,0,0,0,0,0,0
4182,504,0,0,3,0,cb,1,0,0,0,0,0
4190,548,0,0,6,1d,d0,0,b,a0,0,0,0
4198,534,0,0,2,ac,7,0,0,0,0,0,0
4205,500,0,0,1,1,0,0,0,0,0,0,0
4213,544,0,0,6,a,90,0,b,90,0,0,0
4221,520,0,0,8,9,9,9,9,b,9,9,9
4231,504,0,0,3,0,cb,1,0,0,0,0,0
4239,548,0,0,6,1d,d0,0,b,a0,0,0,0
4246,508,0,0,5,0,0,0,0,1,0,0,0
4254,504,0,0,3,0,ca,1,0,0,0,0,0
4262,508,0,0,5,0,0,0,0,1,0,0,0
4270,520,0,0,8,9,9,9,9,b,9,9,9
4278,504,0,0,3,0,ca,1,0,0,0,0,0
4285,540,0,0,6,9,90,0,8,90,0,0,0
4293,54C,0,0,6,c,c0,0,c,90,0,0,0
4301,534,0,0,2,ad,7,0,0,0,0,0,0
4309,504,0,0,3,0,cb,1,0,0,0,0,0
4317,524,0,0,8,0,9,9,9,9,9,9,9
4325,500,0,0,1,1,0,0,0,0,0,0,0
4333,504,0,0,3,0,ca,1,0,0,0,0,0
4340,540,0,0,6,9,a0,0,8,a0,0,0,0
4348,508,0,0,5,0,0,0,0,1,0,0,0
4359,500,0,0,1,1,0,0,0,0,0,0,0
4367,508,0,0,5,0,0,0,0,1,0,0,0
4375,520,0,0,8,9,9,9,9,b,9,9,9
4383,500,0,0,1,1,0,0,0,0,0,0,0
4391,534,0,0,2,ad,7,0,0,0,0,0,0
4399,548,0,0,6,1d,d0,0,b,a0,0,0,0
4407,508,0,0,5,0,0,0,0,1,0,0,0
4415,504,0,0,3,0,cb,1,0,0,0,0,0
4423,524,0,0,8,0,9,9,9,9,9,9,9
4431,520,0,0,8,9,9,9,9,b,9,9,9
4439,500,0,0,1,1,0,0,0,0,0,0,0
4447,540,0,0,6,9,90,0,8,90,0,0,0
4455,54C,0,0,6,c,c0,0,c,90,0,0,0
4470,500,0,0,1,1,0,0,0,0,0,0,0
4479,508,0,0,5,0,0,0,0,1,0,0,0
4490,508,0,0,5,0,0,0,0,1,0,0,0
4499,528,0,0,1,4,0,0,0,0,0,0,0
4507,500,0,0,1,1,0,0,0,0,0,0,0
4515,548,0,0,6,1d,d0,0,b,a0,0,0,0
4524,508,0,0,5,0,0,0,0,1,0,0,0
4532,508,0,0,5,0,0,0,0,1,0,0,0
4541,504,0,0,3,0,cb,1,0,0,0,0,0
4549,504,0,0,3,0,cb,1,0,0,0,0,0
4558,534,0,0,2,ad,7,0,0,0,0,0,0
4566,500,0,0,1,1,0,0,0,0,0,0,0
4575,504,0,0,3,0,cb,1,0,0,0,0,0
4583,534,0,0,2,ad,7,0,0,0,0,0,0
4592,544,0,0,6,a,80,0,c,90,0,0,0
4601,508,0,0,5,0,0,0,0,1,0,0,0
4606,528,0,0,1,4,0,0,0,0,0,0,0
4612,508,0,0,5,0,0,0,0,1,0,0,0
4620,54C,0,0,6,c,c0,0,c,90,0,0,0
4633,500,0,0,1,1,0,0,0,0,0,0,0
4638,544,0,0,6,9,80,0,c,90,0,0,0
4644,514,0,0,3,3,ff,0,0,0,0,0,0
4650,508,0,0,5,0,0,0,0,1,0,0,0
4657,504,0,0,3,0,cb,1,0,0,0,0,0
4663,548,0,0,6,1d,d0,0,b,a0,0,0,0
4669,504,0,0,3,0,cb,1,0,0,0,0,0
4675,50C,0,0,3,77,6,1,0,0,0,0,0
4681,508,0,0,5,0,0,0,0,1,0,0,0
4688,508,0,0,5,0,0,0,0,1,0,0,0
4694,508,0,0,5,0,0,0,0,1,0,0,0
4700,500,0,0,1,1,0,0,0,0,0,0,0
4706,508,0,0,5,0,0,0,0,1,0,0,0
4713,508,0,0,5,0,0,0,0,1,0,0,0
4719,508,0,0,5,0,0,0,0,1,0,0,0
4727,504,0,0,3,0,cb,1,0,0,0,0,0
4733,540,0,0,6,9,a0,0,8,90,0,0,0
4740,504,0,0,3,0,cb,1,0,0,0,0,0
4746,544,0,0,6,9,80,0,b,90,0,0,0
4752,500,0,0,1,1,0,0,0,0,0,0,0
4758,508,0,0,5,0,0,0,0,1,0,0,0
4765,508,0,0,5,0,0,0,0,1,0,0,0
4771,540,0,0,6,9,a0,0,9,90,0,0,0
4777,508,0,0,5,0,0,0,0,1,0,0,0
4783,534,0,0,2,ad,7,0,0,0,0,0,0
4790,55C,0,0,1,14,0,0,0,0,0,0,0
4796,520,0,0,8,9,9,9,9,b,9,9,9
4802,508,0,0,5,0,0,0,0,1,0,0,0
4809,504,0,0,3,0,cb,1,0,0,0,0,0
4815,509,0,0,6,7f,ff,7f,ff,7f,ff,0,0
4824,508,0,0,5,0,0,0,0,1,0,0,0
4830,55C,0,0,1,14,0,0,0,0,0,0,0
4836,534,0,0,2,ac,7,0,0,0,0,0,0
4843,528,0,0,1,4,0,0,0,0,0,0,0
4849,508,0,0,5,0,0,0,0,1,0,0,0
4855,570,0,0,1,1a,0,0,0,0,0,0,0
4862,514,0,0,3,3,ff,0,0,0,0,0,0
4868,508,0,0,5,0,0,0,0,1,0,0,0
4875,508,0,0,5,0,0,0,0,1,0,0,0
4881,509,0,0,6,7f,ff,7f,ff,7f,ff,0,0
4888,508,0,0,5,0,0,0,0,1,0,0,0
4894,520,0,0,8,9,9,9,9,b,9,9,9
4901,508,0,0,5,0,0,0,0,1,0,0,0
4907,504,0,0,3,0,cb,1,0,0,0,0,0
4914,512,0,0,4,0,0,0,0,0,0,0,0
4920,500,0,0,1,1,0,0,0,0,0,0,0
4929,504,0,0,3,0,cb,1,0,0,0,0,0
4935,544,0,0,6,9,90,0,b,90,0,0,0
4942,504,0,0,3,0,cb,1,0,0,0,0,0
4949,534,0,0,2,ac,7,0,0,0,0,0,0
4955,508,0,0,5,0,0,0,0,1,0,0,0
4962,504,0,0,3,0,cb,1,0,0,0,0,0
4968,540,0,0,6,9,a0,0,8,a0,0,0,0
4975,508,0,0,5,0,0,0,0,1,0,0,0
4982,508,0,0,5,0,0,0,0,1,0,0,0
4988,55C,0,0,1,14,0,0,0,0,0,0,0
4995,554,0,0,4,0,0,0,0,0,0,0,0
5002,508,0,0,5,0,0,0,0,1,0,0,0
5009,514,0,0,3,3,ff,0,0,0,0,0,0
5015,534,0,0,2,ad,7,0,0,0,0,0,0
5022,540,0,0,6,9,a0,0,8,90,0,0,0
5031,504,0,0,3,0,cb,1,0,0,0,0,0
5038,534,0,0,2,ac,7,0,0,0,0,0,0
5044,544,0,0,6,9,80,0,b,90,0,0,0
5051,512,0,0,4,0,0,0,0,0,0,0,0
5058,504,0,0,3,0,ca,1,0,0,0,0,0
5065,570,0,0,1,1a,0,0,0,0,0,0,0
5072,508,0,0,5,0,0,0,0,1,0,0,0
5079,548,0,0,6,1d,d0,0,b,a0,0,0,0
5085,508,0,0,5,0,0,0,0,1,0,0,0
5092,509,0,0,6,7f,ff,7f,ff,7f,ff,0,0
5099,508,0,0,5,0,0,0,0,1,0,0,0
5106,504,0,0,3,0,ca,1,0,0,0,0,0
5113,508,0,0,5,0,0,0,0,1,0,0,0
5121,508,0,0,5,0,0,0,0,1,0,0,0
5128,504,0,0,3,0,ca,1,0,0,0,0,0
5135,548,0,0,6,1d,d0,0,b,a0,0,0,0
5144,508,0,0,5,0,0,0,0,1,0,0,0
5151,544,0,0,6,9,80,0,c,90,0,0,0
5158,508,0,0,5,0,0,0,0,1,0,0,0
5166,528,0,0,1,4,0,0,0,0,0,0,0
5173,534,0,0,2,ad,7,0,0,0,0,0,0
5180,508,0,0,5,0,0,0,0,1,0,0,0
5187,540,0,0,6,9,a0,0,8,a0,0,0,0
5194,54C,0,0,6,c,c0,0,c,90,0,0,0
5202,508,0,0,5,0,0,0,0,1,0,0,0
5209,544,0,0,6,9,90,0,b,90,0,0,0
5216,524,0,0,8,0,9,9,9,9,9,9,9
5224,508,0,0,5,0,0,0,0,1,0,0,0
5231,508,0,0,5,0,0,0,0,1,0,0,0
5238,504,0,0,3,0,ca,1,0,0,0,0,0
5246,508,0,0,5,0,0,0,0,1,0,0,0
5255,508,0,0,5,0,0,0,0,1,0,0,0
5263,504,0,0,3,0,cb,1,0,0,0,0,0
5270,534,0,0,2,ae,7,0,0,0,0,0,0
5277,524,0,0,8,0,9,9,9,9,9,9,9
5285,500,0,0,1,1,0,0,0,0,0,0,0
5292,534,0,0,2,ad,7,0,0,0,0,0,0
5300,508,0,0,5,0,0,0,0,1,0,0,0
5307,54C,0,0,6,c,c0,0,c,90,0,0,0
5314,534,0,0,2,ad,7,0,0,0,0,0,0
5322,508,0,0,5,0,0,0,0,1,0,0,0
5329,508,0,0,5,0,0,0,0,1,0,0,0
5337,534,0,0,2,ac,7,0,0,0,0,0,0
5344,500,0,0,1,1,0,0,0,0,0,0,0
5352,508,0,0,5,0,0,0,0,1,0,0,0
5359,548,0,0,6,1d,d0,0,b,a0,0,0,0
5367,500,0,0,1,1,0,0,0,0,0,0,0
5377,500,0,0,1,1,0,0,0,0,0,0,0
5384,508,0,0,5,0,0,0,0,1,0,0,0
5392,504,0,0,3,0,cb,1,0,0,0,0,0
5399,500,0,0,1,1,0,0,0,0,0,0,0
5407,512,0,0,4,0,0,0,0,0,0,0,0
5414,548,0,0,6,1d,d0,0,b,a0,0,0,0
5422,500,0,0,1,1,0,0,0,0,0,0,0
5429,544,0,0,6,9,80,0,b,90,0,0,0
5437,500,0,0,1,1,0,0,0,0,0,0,0
5444,508,0,0,5,0,0,0,0,1,0,0,0
5452,534,0,0,2,ad,7,0,0,0,0,0,0
5460,500,0,0,1,1,0,0,0,0,0,0,0
5467,548,0,0,6,1d,d0,0,b,a0,0,0,0
5475,534,0,0,2,ac,7,0,0,0,0,0,0
5483,544,0,0,6,9,90,0,b,90,0,0,0
5490,500,0,0,1,1,0,0,0,0,0,0,0
5500,508,0,0,5,0,0,0,0,1,0,0,0
5508,508,0,0,5,0,0,0,0,1,0,0,0
5516,500,0,0,1,1,0,0,0,0,0,0,0
5523,54C,0,0,6,c,c0,0,c,90,0,0,0
5531,508,0,0,5,0,0,0,0,1,0,0,0
5539,500,0,0,1,1,0,0,0,0,0,0,0
5546,524,0,0,8,0,9,9,9,9,9,9,9
5554,508,0,0,5,0,0,0,0,1,0,0,0
5562,509,0,0,6,7f,ff,7f,ff,7f,ff,0,0
5570,508,0,0,5,0,0,0,0,1,0,0,0
5577,54C,0,0,6,c,c0,0,c,90,0,0,0
5585,500,0,0,1,1,0,0,0,0,0,0,0
5593,52C,0,0,1,4,0,0,0,0,0,0,0
5601,524,0,0,8,0,9,9,9,9,9,9,9
5608,500,0,0,1,1,0,0,0,0,0,0,0
5619,500,0,0,1,1,0,0,0,0,0,0,0
5626,548,0,0,6,1d,d0,0,b,a0,0,0,0
5634,508,0,0,5,0,0,0,0,1,0,0,0
5642,544,0,0,6,a,90,0,b,90,0,0,0
5650,500,0,0,1,1,0,0,0,0,0,0,0
5658,500,0,0,1,1,0,0,0,0,0,0,0
5666,508,0,0,5,0,0,0,0,1,0,0,0
5674,540,0,0,6,9,a0,0,8,90,0,0,0
5682,548,0,0,6,1d,d0,0,b,a0,0,0,0
5690,504,0,0,3,0,ca,1,0,0,0,0,0
5698,508,0,0,5,0,0,0,0,1,0,0,0
5705,570,0,0,1,1a,0,0,0,0,0,0,0
5713,504,0,0,3,0,cb,1,0,0,0,0,0
5721,534,0,0,2,ad,7,0,0,0,0,0,0
5729,509,0,0,6,7f,ff,7f,ff,7f,ff,0,0
5738,548,0,0,6,1d,d0,0,b,a0,0,0,0
5748,504,0,0,3,0,ca,1,0,0,0,0,0
5756,500,0,0,1,1,0,0,0,0,0,0,0
5764,534,0,0,2,ac,7,0,0,0,0,0,0
5772,500,0,0,1,1,0,0,0,0,0,0,0
5780,540,0,0,6,9,90,0,8,90,0,0,0
5788,534,0,0,2,ae,7,0,0,0,0,0,0
5797,508,0,0,5,0,0,0,0,1,0,0,0
5805,504,0,0,3,0,cb,1,0,0,0,0,0
5818,534,0,0,2,ad,7,0,0,0,0,0,0
5828,508,0,0,5,0,0,0,0,1,0,0,0
5837,504,0,0,3,0,cb,1,0,0,0,0,0
5845,500,0,0,1,1,0,0,0,0,0,0,0
5854,50C,0,0,3,77,6,1,0,0,0,0,0
5862,508,0,0,5,0,0,0,0,1,0,0,0
5870,500,0,0,1,1,0,0,0,0,0,0,0
5882,500,0,0,1,1,0,0,0,0,0,0,0
5890,500,0,0,1,1,0,0,0,0,0,0,0
5898,540,0,0,6,9,90,0,8,90,0,0,0
5907,508,0,0,5,0,0,0,0,1,0,0,0
5915,500,0,0,1,1,0,0,0,0,0,0,0
5924,544,0,0,6,9,80,0,b,90,0,0,0
5932,520,0,0,8,9,9,9,9,b,9,9,9
5941,500,0,0,1,1,0,0,0,0,0,0,0
5949,508,0,0,5,0,0,0,0,1,0,0,0
5958,534,0,0,2,ac,7,0,0,0,0,0,0
5967,548,0,0,6,1d,d0,0,b,a0,0,0,0
5975,500,0,0,1,1,0,0,0,0,0,0,0
5982,500,0,0,1,1,0,0,0,0,0,0,0
5988,508,0,0,5,0,0,0,0,1,0,0,0
5994,500,0,0,1,1,0,0,0,0,0,0,0
6000,500,0,0,1,1,0,0,0,0,0,0,0
6014,548,0,0,6,1d,d0,0,b,a0,0,0,0
6019,52C,0,0,1,4,0,0,0,0,0,0,0
6026,504,0,0,3,0,cb,1,0,0,0,0,0
6032,508,0,0,5,0,0,0,0,1,0,0,0
6038,508,0,0,5,0,0,0,0,1,0,0,0
6044,540,0,0,6,9,a0,0,8,90,0,0,0
6050,534,0,0,2,ad,7,0,0,0,0,0,0
6056,54C,0,0,6,c,c0,0,c,90,0,0,0
6063,534,0,0,2,ac,7,0,0,0,0,0,0
6069,500,0,0,1,1,0,0,0,0,0,0,0
6075,500,0,0,1,1,0,0,0,0,0,0,0
6081,500,0,0,1,1,0,0,0,0,0,0,0
6087,504,0,0,3,0,cb,1,0,0,0,0,0
6094,508,0,0,5,0,0,0,0,1,0,0,0
6100,500,0,0,1,1,0,0,0,0,0,0,0
6106,508,0,0,5,0,0,0,0,1,0,0,0
6114,540,0,0,6,9,90,0,8,90,0,0,0
6120,508,0,0,5,0,0,0,0,1,0,0,0
6126,504,0,0,3,0,cb,1,0,0,0,0,0
6133,500,0,0,1,1,0,0,0,0,0,0,0
6139,524,0,0,8,0,9,9,9,9,9,9,9
6145,508,0,0,5,0,0,0,0,1,0,0,0
6151,504,0,0,3,0,cb,1,0,0,0,0,0
6158,508,0,0,5,0,0,0,0,1,0,0,0
6164,500,0,0,1,1,0,0,0,0,0,0,0
6170,534,0,0,2,ae,7,0,0,0,0,0,0
6177,524,0,0,8,0,9,9,9,9,9,9,9
6183,514,0,0,3,3,ff,0,0,0,0,0,0
6189,550,0,0,4,19,1a,1d,0,0,0,0,0
6196,504,0,0,3,0,ca,1,0,0,0,0,0
6202,554,0,0,4,0,0,0,0,0,0,0,0
6210,500,0,0,1,1,0,0,0,0,0,0,0
6217,508,0,0,5,0,0,0,0,1,0,0,0
6223,500,0,0,1,1,0,0,0,0,0,0,0
6229,508,0,0,5,0,0,0,0,1,0,0,0
6236,504,0,0,3,0,cb,1,0,0,0,0,0
6242,540,0,0,6,9,a0,0,8,90,0,0,0
6249,504,0,0,3,0,cb,1,0,0,0,0,0
6255,548,0,0,6,1e,d0,0,b,a0,0,0,0
6262,509,0,0,6,7f,ff,7f,ff,7f,ff,0,0
6268,500,0,0,1,1,0,0,0,0,0,0,0
6275,520,0,0,8,9,9,9,9,b,9,9,9
6281,508,0,0,5,0,0,0,0,1,0,0,0
6288,500,0,0,1,1,0,0,0,0,0,0,0
6294,540,0,0,6,9,90,0,8,90,0,0,0
6301,508,0,0,5,0,0,0,0,1,0,0,0
6307,504,0,0,3,0,cb,1,0,0,0,0,0
6316,54C,0,0,6,c,c0,0,c,90,0,0,0
6322,534,0,0,2,ad,7,0,0,0,0,0,0
6329,520,0,0,8,9,9,9,9,b,9,9,9
6336,514,0,0,3,3,ff,0,0,0,0,0,0
6342,504,0,0,3,0,ca,1,0,0,0,0,0
6349,540,0,0,6,9,a0,0,8,90,0,0,0
6355,508,0,0,5,0,0,0,0,1,0,0,0
6362,548,0,0,6,1d,d0,0,b,a0,0,0,0
6369,528,0,0,1,4,0,0,0,0,0,0,0
6375,544,0,0,6,9,80,0,b,90,0,0,0
6382,520,0,0,8,9,9,9,9,b,9,9,9
6389,55C,0,0,1,14,0,0,0,0,0,0,0
6396,500,0,0,1,1,0,0,0,0,0,0,0
6402,540,0,0,6,9,a0,0,8,90,0,0,0
6409,508,0,0,5,0,0,0,0,1,0,0,0
6418,548,0,0,6,1d,d0,0,b,a0,0,0,0
6425,544,0,0,6,9,80,0,b,90,0,0,0
6432,500,0,0,1,1,0,0,0,0,0,0,0
6438,508,0,0,5,0,0,0,0,1,0,0,0
6445,504,0,0,3,0,cb,1,0,0,0,0,0
6452,508,0,0,5,0,0,0,0,1,0,0,0
6459,504,0,0,3,0,cb,1,0,0,0,0,0
6466,500,0,0,1,1,0,0,0,0,0,0,0
6473,548,0,0,6,1d,d0,0,b,a0,0,0,0
6480,528,0,0,1,4,0,0,0,0,0,0,0
6487,500,0,0,1,1,0,0,0,0,0,0,0
6494,508,0,0,5,0,0,0,0,1,0,0,0
6501,500,0,0,1,1,0,0,0,0,0,0,0
6509,540,0,0,6,9,a0,0,8,90,0,0,0
6516,508,0,0,5,0,0,0,0,1,0,0,0
6523,500,0,0,1,1,0,0,0,0,0,0,0
6532,508,0,0,5,0,0,0,0,1,0,0,0
6539,509,0,0,6,7f,ff,7f,ff,7f,ff,0,0
6547,520,0,0,8,9,9,9,9,b,9,9,9
6554,504,0,0,3,0,cb,1,0,0,0,0,0
6561,508,0,0,5,0,0,0,0,1,0,0,0
6568,540,0,0,6,9,a0,0,8,90,0,0,0
6575,504,0,0,3,0,cb,1,0,0,0,0,0
6583,508,0,0,5,0,0,0,0,1,0,0,0
6590,504,0,0,3,0,cb,1,0,0,0,0,0
6597,534,0,0,2,ad,7,0,0,0,0,0,0
6604,520,0,0,8,9,9,9,9,b,9,9,9
6612,508,0,0,5,0,0,0,0,1,0,0,0
6619,534,0,0,2,ac,7,0,0,0,0,0,0
6626,509,0,0,6,7f,ff,7f,ff,7f,ff,0,0
6634,500,0,0,1,1,0,0,0,0,0,0,0
6641,534,0,0,2,ad,7,0,0,0,0,0,0
6648,544,0,0,6,9,80,0,b,90,0,0,0
6655,500,0,0,1,1,0,0,0,0,0,0,0
6663,534,0,0,2,ad,7,0,0,0,0,0,0
6670,504,0,0,3,0,cb,1,0,0,0,0,0
6677,540,0,0,6,9,a0,0,8,90,0,0,0
6685,534,0,0,2,ac,7,0,0,0,0,0,0
6692,570,0,0,1,1a,0,0,0,0,0,0,0
6700,500,0,0,1,1,0,0,0,0,0,0,0
6707,504,0,0,3,0,cb,1,0,0,0,0,0
6715,504,0,0,3,0,cb,1,0,0,0,0,0
6722,500,0,0,1,1,0,0,0,0,0,0,0
6730,508,0,0,5,0,0,0,0,1,0,0,0
6737,500,0,0,1,1,0,0,0,0,0,0,0
6744,548,0,0,6,1d,d0,0,b,a0,0,0,0
6752,504,0,0,3,0,cb,1,0,0,0,0,0
6762,508,0,0,5,0,0,0,0,1,0,0,0
6769,500,0,0,1,1,0,0,0,0,0,0,0
6777,504,0,0,3,0,cb,1,0,0,0,0,0
6784,540,0,0,6,9,90,0,8,90,0,0,0
6792,508,0,0,5,0,0,0,0,1,0,0,0
6799,52C,0,0,1,4,0,0,0,0,0,0,0
6807,544,0,0,6,9,80,0,b,90,0,0,0
6814,514,0,0,3,3,ff,0,0,0,0,0,0
6822,504,0,0,3,0,cb,1,0,0,0,0,0
6829,508,0,0,5,0,0,0,0,1,0,0,0
6837,554,0,0,4,0,0,0,0,0,0,0,0
6845,508,0,0,5,0,0,0,0,1,0,0,0
6852,548,0,0,6,1d,d0,0,b,a0,0,0,0
6860,544,0,0,6,9,80,0,b,90,0,0,0
6867,504,0,0,3,0,cb,1,0,0,0,0,0
6875,508,0,0,5,0,0,0,0,1,0,0,0
6885,500,0,0,1,1,0,0,0,0,0,0,0
6892,534,0,0,2,ad,7,0,0,0,0,0,0
6900,508,0,0,5,0,0,0,0,1,0,0,0
6908,52C,0,0,1,4,0,0,0,0,0,0,0
6916,534,0,0,2,ad,7,0,0,0,0,0,0
6923,520,0,0,8,9,9,9,9,b,9,9,9
6931,508,0,0,5,0,0,0,0,1,0,0,0
6939,504,0,0,3,0,cb,1,0,0,0,0,0
6946,540,0,0,6,9,90,0,9,90,0,0,0
6954,500,0,0,1,1,0,0,0,0,0,0,0
6962,508,0,0,5,0,0,0,0,1,0,0,0
6970,544,0,0,6,9,80,0,b,90,0,0,0
6978,500,0,0,1,1,0,0,0,0,0,0,0
6985,504,0,0,3,0,cb,1,0,0,0,0,0
6993,508,0,0,5,0,0,0,0,1,0,0,0
7003,500,0,0,1,1,0,0,0,0,0,0,0
7011,52C,0,0,1,4,0,0,0,0,0,0,0
7019,504,0,0,3,0,cb,1,0,0,0,0,0
7027,534,0,0,2,ac,7,0,0,0,0,0,0
7035,520,0,0,8,9,9,9,9,b,9,9,9
7043,504,0,0,3,0,cb,1,0,0,0,0,0
7051,534,0,0,2,ad,7,0,0,0,0,0,0
7058,500,0,0,1,1,0,0,0,0,0,0,0
7066,508,0,0,5,0,0,0,0,1,0,0,0
7074,508,0,0,5,0,0,0,0,1,0,0,0
7082,54C,0,0,6,c,c0,0,c,90,0,0,0
7090,504,0,0,3,0,cb,1,0,0,0,0,0
7098,524,0,0,8,0,9,9,9,9,9,9,9
7106,500,0,0,1,1,0,0,0,0,0,0,0
7114,570,0,0,1,1a,0,0,0,0,0,0,0
7122,528,0,0,1,4,0,0,0,0,0,0,0
7133,544,0,0,6,9,80,0,c,90,0,0,0
7141,509,0,0,6,7f,ff,7f,ff,7f,ff,0,0
7149,508,0,0,5,0,0,0,0,1,0,0,0
7157,504,0,0,3,0,cb,1,0,0,0,0,0
7165,504,0,0,3,0,cb,1,0,0,0,0,0
7180,500,0,0,1,1,0,0,0,0,0,0,0
7189,508,0,0,5,0,0,0,0,1,0,0,0
7197,54C,0,0,6,c,c0,0,c,90,0,0,0
7206,500,0,0,1,1,0,0,0,0,0,0,0
7214,504,0,0,3,0,cb,1,0,0,0,0,0
7222,508,0,0,5,0,0,0,0,1,0,0,0
7231,500,0,0,1,1,0,0,0,0,0,0,0
7239,528,0,0,1,4,0,0,0,0,0,0,0
7247,544,0,0,6,a,80,0,b,90,0,0,0
7256,520,0,0,8,9,9,9,9,b,9,9,9
7264,500,0,0,1,1,0,0,0,0,0,0,0
7275,508,0,0,5,0,0,0,0,1,0,0,0
7284,504,0,0,3,0,cb,1,0,0,0,0,0
7292,504,0,0,3,0,ca,1,0,0,0,0,0
7301,500,0,0,1,1,0,0,0,0,0,0,0
7309,514,0,0,3,3,ff,0,0,0,0,0,0
7318,508,0,0,5,0,0,0,0,1,0,0,0
7326,508,0,0,5,0,0,0,0,1,0,0,0
7335,540,0,0,6,9,90,0,8,90,0,0,0
7343,504,0,0,3,0,cb,1,0,0,0,0,0
7352,508,0,0,5,0,0,0,0,1,0,0,0
7362,500,0,0,1,1,0,0,0,0,0,0,0
7367,520,0,0,8,9,9,9,9,b,9,9,9
7373,534,0,0,2,ac,7,0,0,0,0,0,0
7379,540,0,0,6,9,90,0,9,90,0,0,0
7385,508,0,0,5,0,0,0,0,1,0,0,0
7400,512,0,0,4,0,0,0,0,0,0,0,0
7405,504,0,0,3,0,cb,1,0,0,0,0,0
7411,520,0,0,8,9,9,9,9,b,9,9,9
7417,500,0,0,1,1,0,0,0,0,0,0,0
7423,500,0,0,1,1,0,0,0,0,0,0,0
7429,52C,0,0,1,4,0,0,0,0,0,0,0
7436,500,0,0,1,1,0,0,0,0,0,0,0
7442,54C,0,0,6,c,c0,0,c,90,0,0,0
7448,504,0,0,3,0,ca,1,0,0,0,0,0
7454,504,0,0,3,0,cb,1,0,0,0,0,0
7460,508,0,0,5,0,0,0,0,1,0,0,0
7466,508,0,0,5,0,0,0,0,1,0,0,0
7472,504,0,0,3,0,cb,1,0,0,0,0,0
7478,54C,0,0,6,c,c0,0,c,90,0,0,0
7485,500,0,0,1,1,0,0,0,0,0,0,0
7491,500,0,0,1,1,0,0,0,0,0,0,0
7499,500,0,0,1,1,0,0,0,0,0,0,0
7505,528,0,0,1,4,0,0,0,0,0,0,0
7511,508,0,0,5,0,0,0,0,1,0,0,0
7518,54C,0,0,6,c,c0,0,c,90,0,0,0
7524,500,0,0,1,1,0,0,0,0,0,0,0
7530,534,0,0,2,ad,7,0,0,0,0,0,0
7537,504,0,0,3,0,ca,1,0,0,0,0,0
7543,504,0,0,3,0,cb,1,0,0,0,0,0
7549,500,0,0,1,1,0,0,0,0,0,0,0
7555,508,0,0,5,0,0,0,0,1,0,0,0
7562,508,0,0,5,0,0,0,0,1,0,0,0
7568,508,0,0,5,0,0,0,0,1,0,0,0
7574,540,0,0,6,9,90,0,8,90,0,0,0
7581,508,0,0,5,0,0,0,0,1,0,0,0
7587,500,0,0,1,1,0,0,0,0,0,0,0
7593,550,0,0,4,19,1a,1d,0,0,0,0,0
7602,504,0,0,3,0,ca,1,0,0,0,0,0
7608,554,0,0,4,0,0,0,0,0,0,0,0
7614,500,0,0,1,1,0,0,0,0,0,0,0
7621,540,0,0,6,9,90,0,8,90,0,0,0
7627,500,0,0,1,1,0,0,0,0,0,0,0
7634,504,0,0,3,0,ca,1,0,0,0,0,0
7640,508,0,0,5,0,0,0,0,1,0,0,0
7647,534,0,0,2,ad,7,0,0,0,0,0,0
7653,54C,0,0,6,c,c0,0,c,90,0,0,0
7660,504,0,0,3,0,cb,1,0,0,0,0,0
7666,524,0,0,8,0,9,9,9,9,9,9,9
7673,509,0,0,6,7f,ff,7f,ff,7f,ff,0,0
7679,508,0,0,5,0,0,0,0,1,0,0,0
7686,500,0,0,1,1,0,0,0,0,0,0,0
7692,534,0,0,2,ad,7,0,0,0,0,0,0
7701,508,0,0,5,0,0,0,0,1,0,0,0
7707,54C,0,0,6,c,c0,0,c,90,0,0,0
7714,508,0,0,5,0,0,0,0,1,0,0,0
7721,500,0,0,1,1,0,0,0,0,0,0,0
7727,504,0,0,3,0,cb,1,0,0,0,0,0
7734,500,0,0,1,1,0,0,0,0,0,0,0
7740,504,0,0,3,0,cb,1,0,0,0,0,0
7747,548,0,0,6,1d,d0,0,b,a0,0,0,0
7754,500,0,0,1,1,0,0,0,0,0,0,0
7761,54C,0,0,6,c,c0,0,c,90,0,0,0
7767,520,0,0,8,9,9,9,9,b,9,9,9
7774,504,0,0,3,0,ca,1,0,0,0,0,0
7781,500,0,0,1,1,0,0,0,0,0,0,0
7787,504,0,0,3,0,cb,1,0,0,0,0,0
7794,52C,0,0,1,4,0,0,0,0,0,0,0
7801,500,0,0,1,1,0,0,0,0,0,0,0
7815,550,0,0,4,19,1a,1d,0,0,0,0,0
7822,54C,0,0,6,c,c0,0,c,90,0,0,0
7830,504,0,0,3,0,ca,1,0,0,0,0,0
7837,508,0,0,5,0,0,0,0,1,0,0,0
7845,500,0,0,1,1,0,0,0,0,0,0,0
7852,504,0,0,3,0,cb,1,0,0,0,0,0
7860,500,0,0,1,1,0,0,0,0,0,0,0
7867,504,0,0,3,0,cb,1,0,0,0,0,0
7875,504,0,0,3,0,cb,1,0,0,0,0,0
7883,54C,0,0,6,c,c0,0,c,90,0,0,0
7890,504,0,0,3,0,ca,1,0,0,0,0,0
7898,570,0,0,1,1a,0,0,0,0,0,0,0
7906,504,0,0,3,0,cb,1,0,0,0,0,0
7913,534,0,0,2,ac,7,0,0,0,0,0,0
7921,508,0,0,5,0,0,0,0,1,0,0,0
7929,508,0,0,5,0,0,0,0,1,0,0,0
7939,534,0,0,2,ad,7,0,0,0,0,0,0
7946,520,0,0,8,9,9,9,9,b,9,9,9
7954,508,0,0,5,0,0,0,0,1,0,0,0
7962,500,0,0,1,1,0,0,0,0,0,0,0
7970,540,0,0,6,9,90,0,9,90,0,0,0
7978,508,0,0,5,0,0,0,0,1,0,0,0
7985,500,0,0,1,1,0,0,0,0,0,0,0
7993,544,0,0,6,9,80,0,b,90,0,0,0
8001,500,0,0,1,1,0,0,0,0,0,0,0
8009,504,0,0,3,0,cb,1,0,0,0,0,0
8017,524,0,0,8,0,9,9,9,9,9,9,9
8025,508,0,0,5,0,0,0,0,1,0,0,0
8032,52C,0,0,1,4,0,0,0,0,0,0,0
8040,504,0,0,3,0,ca,1,0,0,0,0,0
8048,548,0,0,6,1d,d0,0,b,a0,0,0,0
8059,534,0,0,2,ad,7,0,0,0,0,0,0
8066,508,0,0,5,0,0,0,0,1,0,0,0
8074,508,0,0,5,0,0,0,0,1,0,0,0
8082,500,0,0,1,1,0,0,0,0,0,0,0
8090,504,0,0,3,0,cb,1,0,0,0,0,0
8098,508,0,0,5,0,0,0,0,1,0,0,0
8106,500,0,0,1,1,0,0,0,0,0,0,0
8114,504,0,0,3,0,cb,1,0,0,0,0,0
8122,504,0,0,3,0,cb,1,0,0,0,0,0
8130,508,0,0,5,0,0,0,0,1,0,0,0
8138,52C,0,0,1,4,0,0,0,0,0,0,0
8146,504,0,0,3,0,cb,1,0,0,0,0,0
8154,544,0,0,6,9,80,0,b,90,0,0,0
8161,50C,0,0,3,77,6,1,0,0,0,0,0
8169,508,0,0,5,0,0,0,0,1,0,0,0
8177,524,0,0,8,0,9,9,9,9,9,9,9
8188,540,0,0,6,9,a0,0,8,90,0,0,0
8196,500,0,0,1,1,0,0,0,0,0,0,0
8204,504,0,0,3,0,cb,1,0,0,0,0,0
8212,508,0,0,5,0,0,0,0,1,0,0,0
8220,54C,0,0,6,c,c0,0,c,90,0,0,0
8228,504,0,0,3,0,cb,1,0,0,0,0,0
8236,534,0,0,2,ac,7,0,0,0,0,0,0
8244,514,0,0,3,3,ff,0,0,0,0,0,0
8252,508,0,0,5,0,0,0,0,1,0,0,0
8261,550,0,0,4,19,1a,1d,0,0,0,0,0
8269,54C,0,0,6,c,c0,0,c,90,0,0,0
8277,500,0,0,1,1,0,0,0,0,0,0,0
8285,508,0,0,5,0,0,0,0,1,0,0,0
8293,540,0,0,6,9,a0,0,8,a0,0,0,0
8301,534,0,0,2,ad,7,0,0,0,0,0,0
8312,548,0,0,6,1d,d0,0,b,a0,0,0,0
8320,500,0,0,1,1,0,0,0,0,0,0,0
8328,534,0,0,2,ac,7,0,0,0,0,0,0
8336,508,0,0,5,0,0,0,0,1,0,0,0
8344,500,0,0,1,1,0,0,0,0,0,0,0
8352,504,0,0,3,0,cb,1,0,0,0,0,0
8360,504,0,0,3,0,cb,1,0,0,0,0,0
8369,544,0,0,6,9,80,0,c,90,0,0,0
8377,508,0,0,5,0,0,0,0,1,0,0,0
8385,504,0,0,3,0,cb,1,0,0,0,0,0
8393,534,0,0,2,ac,7,0,0,0,0,0,0
8401,500,0,0,1,1,0,0,0,0,0,0,0
8410,50C,0,0,3,77,6,1,0,0,0,0,0
8418,548,0,0,6,1d,d0,0,b,a0,0,0,0
8426,508,0,0,5,0,0,0,0,1,0,0,0
8434,500,0,0,1,1,0,0,0,0,0,0,0
8445,500,0,0,1,1,0,0,0,0,0,0,0
8453,52C,0,0,1,4,0,0,0,0,0,0,0
8462,504,0,0,3,0,cb,1,0,0,0,0,0
8470,508,0,0,5,0,0,0,0,1,0,0,0
8478,504,0,0,3,0,cb,1,0,0,0,0,0
8487,504,0,0,3,0,cb,1,0,0,0,0,0
8495,524,0,0,8,0,9,9,9,9,9,9,9
8503,540,0,0,6,9,a0,0,8,90,0,0,0
8512,508,0,0,5,0,0,0,0,1,0,0,0
8520,508,0,0,5,0,0,0,0,1,0,0,0
8528,508,0,0,5,0,0,0,0,1,0,0,0
8537,520,0,0,8,9,9,9,9,b,9,9,9
8545,504,0,0,3,0,cb,1,0,0,0,0,0
8554,508,0,0,5,0,0,0,0,1,0,0,0
8562,508,0,0,5,0,0,0,0,1,0,0,0
8576,508,0,0,5,0,0,0,0,1,0,0,0
8589,500,0,0,1,1,0,0,0,0,0,0,0
8598,520,0,0,8,9,9,9,9,b,9,9,9
8607,504,0,0,3,0,cb,1,0,0,0,0,0
8615,540,0,0,6,9,a0,0,8,90,0,0,0
8624,534,0,0,2,ad,7,0,0,0,0,0,0
8633,508,0,0,5,0,0,0,0,1,0,0,0
8641,544,0,0,6,9,80,0,c,90,0,0,0
8650,520,0,0,8,9,9,9,9,b,9,9,9
8659,504,0,0,3,0,cb,1,0,0,0,0,0
8668,509,0,0,6,7f,ff,7f,ff,7f,ff,0,0
8677,508,0,0,5,0,0,0,0,1,0,0,0
8686,500,0,0,1,2,0,0,0,0,0,0,0
8695,504,0,0,3,0,cb,1,0,0,0,0,0
8703,100,0,0,2,3,2,0,0,0,0,0,0
8712,534,0,0,2,ac,7,0,0,0,0,0,0
8724,100,0,0,2,2,fa,0,0,0,0,0,0
8733,508,0,0,5,0,0,0,0,1,0,0,0
8742,504,0,0,3,0,cb,1,0,0,0,0,0
8751,544,0,0,6,9,90,0,b,90,0,0,0
8760,100,0,0,2,2,ff,0,0,0,0,0,0
8769,500,0,0,1,2,0,0,0,0,0,0,0
8778,504,0,0,3,0,ca,1,0,0,0,0,0
8787,514,0,0,3,3,ff,0,0,0,0,0,0
8796,508,0,0,5,0,0,0,0,1,0,0,0
8803,548,0,0,6,1d,d0,0,b,a0,0,0,0
8809,100,0,0,2,3,1,0,0,0,0,0,0
8816,100,0,0,2,2,fb,0,0,0,0,0,0
8822,524,0,0,8,0,0,9,0,9,0,5,9
8836,50C,0,0,3,77,6,1,0,0,0,0,0
8841,508,0,0,5,0,0,0,0,1,0,0,0
8848,100,0,0,2,2,fc,0,0,0,0,0,0
8856,508,0,0,5,0,0,0,0,1,0,0,0
8863,524,0,0,8,0,0,9,0,9,0,5,9
8870,500,0,0,1,2,0,0,0,0,0,0,0
8876,504,0,0,3,0,cb,1,0,0,0,0,0
8883,548,0,0,6,1d,d0,0,b,a0,0,0,0
8890,508,0,0,5,0,0,0,0,1,0,0,0
8896,508,0,0,5,0,0,0,0,1,0,0,0
8903,500,0,0,1,2,0,0,0,0,0,0,0
8910,504,0,0,3,0,cb,1,0,0,0,0,0
8916,100,0,0,2,3,2,0,0,0,0,0,0
8923,544,0,0,6,9,90,0,b,90,0,0,0
8930,100,0,0,2,2,fe,0,0,0,0,0,0
8936,500,0,0,1,2,0,0,0,0,0,0,0
8943,50C,0,0,3,77,6,1,0,0,0,0,0
8950,508,0,0,5,0,0,0,0,1,0,0,0
8957,504,0,0,3,0,ca,1,0,0,0,0,0
8966,508,0,0,5,0,0,0,0,1,0,0,0
8972,508,0,0,5,0,0,0,0,1,0,0,0
8979,524,0,0,8,0,0,9,0,9,0,5,9
8986,540,0,0,6,9,90,0,8,90,0,0,0
8993,100,0,0,2,2,f8,0,0,0,0,0,0
8999,548,0,0,6,1d,d0,0,b,a0,0,0,0
9006,520,0,0,8,0,9,4,5,b,5,9,9
9013,100,0,0,2,2,ff,0,0,0,0,0,0
9020,534,0,0,2,ac,7,0,0,0,0,0,0
9027,540,0,0,6,9,90,0,9,90,0,0,0
9034,500,0,0,1,2,0,0,0,0,0,0,0
9041,508,0,0,5,0,0,0,0,1,0,0,0
9048,504,0,0,3,0,ca,1,0,0,0,0,0
9054,508,0,0,5,0,0,0,0,1,0,0,0
9061,100,0,0,2,2,fd,0,0,0,0,0,0
9070,504,0,0,3,0,cb,1,0,0,0,0,0
9077,509,0,0,6,7f,ff,7f,ff,7f,ff,0,0
9084,500,0,0,1,2,0,0,0,0,0,0,0
9091,100,0,0,2,2,fe,0,0,0,0,0,0
9098,514,0,0,3,3,ff,0,0,0,0,0,0
9105,520,0,0,8,0,9,4,5,b,5,9,9
9112,100,0,0,2,2,fb,0,0,0,0,0,0
9120,512,0,0,4,0,0,0,0,0,0,0,0
9127,528,0,0,1,4,0,0,0,0,0,0,0
9134,100,0,0,2,2,fa,0,0,0,0,0,0
9141,514,0,0,3,3,ff,0,0,0,0,0,0
9148,534,0,0,2,ac,7,0,0,0,0,0,0
9155,500,0,0,1,2,0,0,0,0,0,0,0
9162,100,0,0,2,3,2,0,0,0,0,0,0
9169,534,0,0,2,ac,7,0,0,0,0,0,0
9177,504,0,0,3,0,cb,1,0,0,0,0,0
9186,540,0,0,6,9,90,0,9,90,0,0,0
9193,508,0,0,5,0,0,0,0,1,0,0,0
9200,504,0,0,3,0,cb,1,0,0,0,0,0
9207,548,0,0,6,1d,d0,0,b,a0,0,0,0
9215,508,0,0,5,0,0,0,0,1,0,0,0
9222,504,0,0,3,0,cb,1,0,0,0,0,0
9229,100,0,0,2,2,fd,0,0,0,0,0,0
9237,512,0,0,4,0,0,0,0,0,0,0,0
9244,508,0,0,5,0,0,0,0,1,0,0,0
9251,100,0,0,2,2,fa,0,0,0,0,0,0
9259,504,0,0,3,0,ca,1,0,0,0,0,0
9266,508,0,0,5,0,0,0,0,1,0,0,0
9273,100,0,0,2,3,2,0,0,0,0,0,0
9281,504,0,0,3,0,cb,1,0,0,0,0,0
9289,508,0,0,5,0,0,0,0,1,0,0,0
9298,508,0,0,5,0,0,0,0,1,0,0,0
9306,504,0,0,3,0,cb,1,0,0,0,0,0
9314,544,0,0,6,9,80,0,b,90,0,0,0
9321,508,0,0,5,0,0,0,0,1,0,0,0
9329,100,0,0,2,2,f6,0,0,0,0,0,0
9336,52C,0,0,1,4,0,0,0,0,0,0,0
9344,524,0,0,8,0,0,9,0,9,0,5,9
9352,540,0,0,6,9,90,0,8,90,0,0,0
9359,100,0,0,2,2,fb,0,0,0,0,0,0
9367,564,0,0,1,14,0,0,0,0,0,0,0
9375,548,0,0,6,1d,d0,0,b,a0,0,0,0
9383,100,0,0,2,2,f8,0,0,0,0,0,0
9390,504,0,0,3,0,cb,1,0,0,0,0,0
9398,508,0,0,5,0,0,0,0,1,0,0,0
9406,540,0,0,6,9,a0,0,8,a0,0,0,0
9414,504,0,0,3,0,cb,1,0,0,0,0,0
9424,534,0,0,2,ac,7,0,0,0,0,0,0
9432,509,0,0,6,7f,ff,7f,ff,7f,ff,0,0
9440,500,0,0,1,2,0,0,0,0,0,0,0
9448,52C,0,0,1,4,0,0,0,0,0,0,0
9455,524,0,0,8,0,0,9,0,9,0,5,9
9463,500,0,0,1,2,0,0,0,0,0,0,0
9471,504,0,0,3,0,cb,1,0,0,0,0,0
9479,100,0,0,2,2,fd,0,0,0,0,0,0
9487,500,0,0,1,2,0,0,0,0,0,0,0
9495,508,0,0,5,0,0,0,0,1,0,0,0
9503,100,0,0,2,2,fc,0,0,0,0,0,0
9511,500,0,0,1,2,0,0,0,0,0,0,0
9519,100,0,0,2,2,f7,0,0,0,0,0,0
9527,570,0,0,1,1a,0,0,0,0,0,0,0
9535,100,0,0,2,3,1,0,0,0,0,0,0
9543,548,0,0,6,1d,d0,0,b,a0,0,0,0
9554,54C,0,0,6,c,c0,0,c,90,0,0,0
9562,100,0,0,2,2,fa,0,0,0,0,0,0
9570,500,0,0,1,2,0,0,0,0,0,0,0
9578,504,0,0,3,0,cb,1,0,0,0,0,0
9586,534,0,0,2,ab,7,0,0,0,0,0,0
9594,544,0,0,6,a,90,0,b,90,0,0,0
9602,520,0,0,8,0,9,4,5,b,5,9,9
9610,534,0,0,2,ab,7,0,0,0,0,0,0
9618,100,0,0,2,2,fe,0,0,0,0,0,0
9626,504,0,0,3,0,cb,1,0,0,0,0,0
9634,508,0,0,5,0,0,0,0,1,0,0,0
9642,508,0,0,5,0,0,0,0,1,0,0,0
9650,100,0,0,2,2,f8,0,0,0,0,0,0
9658,504,0,0,3,0,ca,1,0,0,0,0,0
9667,528,0,0,1,4,0,0,0,0,0,0,0
9677,534,0,0,2,ac,7,0,0,0,0,0,0
9685,508,0,0,5,0,0,0,0,1,0,0,0
9693,504,0,0,3,0,cb,1,0,0,0,0,0
9702,100,0,0,2,2,fb,0,0,0,0,0,0
9710,100,0,0,2,2,fe,0,0,0,0,0,0
9718,504,0,0,3,0,ca,1,0,0,0,0,0
9726,508,0,0,5,0,0,0,0,1,0,0,0
9735,570,0,0,1,1a,0,0,0,0,0,0,0
9743,534,0,0,2,ab,7,0,0,0,0,0,0
9751,504,0,0,3,0,cb,1,0,0,0,0,0
9759,509,0,0,6,7f,ff,7f,ff,7f,ff,0,0
9768,534,0,0,2,ac,7,0,0,0,0,0,0
9776,500,0,0,1,2,0,0,0,0,0,0,0
9784,540,0,0,6,9,90,0,8,90,0,0,0
9793,100,0,0,2,3,2,0,0,0,0,0,0
9801,509,0,0,6,7f,ff,7f,ff,7f,ff,0,0
9812,512,0,0,4,0,0,0,0,0,0,0,0
9820,504,0,0,3,0,ca,1,0,0,0,0,0
9829,508,0,0,5,0,0,0,0,1,0,0,0
9837,100,0,0,2,2,fb,0,0,0,0,0,0
9846,100,0,0,2,2,fa,0,0,0,0,0,0
9854,100,0,0,2,2,fa,0,0,0,0,0,0
9863,508,0,0,5,0,0,0,0,1,0,0,0
9871,508,0,0,5,0,0,0,0,1,0,0,0
9880,54C,0,0,6,c,c0,0,c,90,0,0,0
9888,554,0,0,4,0,0,0,0,0,0,0,0
9897,55C,0,0,1,14,0,0,0,0,0,0,0
9905,508,0,0,5,0,0,0,0,1,0,0,0
9914,504,0,0,3,0,cb,1,0,0,0,0,0
9922,100,0,0,2,2,fe,0,0,0,0,0,0
9931,54C,0,0,6,c,c0,0,c,90,0,0,0
9942,100,0,0,2,2,fa,0,0,0,0,0,0
9950,534,0,0,2,ab,7,0,0,0,0,0,0
9959,50C,0,0,3,77,6,1,0,0,0,0,0
9968,544,0,0,6,9,90,0,b,90,0,0,0
9976,548,0,0,6,1d,d0,0,b,a0,0,0,0
9985,100,0,0,2,2,fc,0,0,0,0,0,0
9994,504,0,0,3,0,cb,1,0,0,0,0,0
10002,504,0,0,3,0,ca,1,0,0,0,0,0
10011,508,0,0,5,0,0,0,0,1,0,0,0
10020,544,0,0,6,9,90,0,b,90,0,0,0
10029,504,0,0,3,0,ca,1,0,0,0,0,0
10043,100,0,0,2,2,f7,0,0,0,0,0,0
10054,100,0,0,2,2,f8,0,0,0,0,0,0
10063,540,0,0,6,9,90,0,8,90,0,0,0
10071,508,0,0,5,0,0,0,0,1,0,0,0
10083,508,0,0,5,0,0,0,0,1,0,0,0
10092,508,0,0,5,0,0,0,0,1,0,0,0
10101,550,0,0,4,19,1a,1d,0,0,0,0,0
10110,100,0,0,2,2,fb,0,0,0,0,0,0
10119,504,0,0,3,0,cb,1,0,0,0,0,0
10128,504,0,0,3,0,ca,1,0,0,0,0,0
10137,544,0,0,6,9,90,0,b,90,0,0,0
10146,508,0,0,5,0,0,0,0,1,0,0,0
10156,508,0,0,5,0,0,0,0,1,0,0,0
10165,500,0,0,1,2,0,0,0,0,0,0,0
10174,100,0,0,2,2,fa,0,0,0,0,0,0
10183,534,0,0,2,ab,7,0,0,0,0,0,0
10192,544,0,0,6,9,80,0,b,90,0,0,0
10202,100,0,0,2,2,fc,0,0,0,0,0,0
10211,508,0,0,5,0,0,0,0,1,0,0,0
10223,508,0,0,5,0,0,0,0,1,0,0,0
10232,508,0,0,5,0,0,0,0,1,0,0,0
10241,508,0,0,5,0,0,0,0,1,0,0,0
10251,508,0,0,5,0,0,0,0,1,0,0,0
10260,100,0,0,2,2,fa,0,0,0,0,0,0
10269,54C,0,0,6,c,c0,0,c,90,0,0,0
10279,534,0,0,2,ab,7,0,0,0,0,0,0
10288,100,0,0,2,2,f8,0,0,0,0,0,0
10298,504,0,0,3,0,cb,1,0,0,0,0,0
10304,508,0,0,5,0,0,0,0,1,0,0,0
10310,550,0,0,4,19,1a,1d,0,0,0,0,0
10317,100,0,0,2,2,ff,0,0,0,0,0,0
10323,508,0,0,5,0,0,0,0,1,0,0,0
10337,509,0,0,6,7f,ff,7f,ff,7f,ff,0,0
10342,508,0,0,5,0,0,0,0,1,0,0,0
10351,508,0,0,5,0,0,0,0,1,0,0,0
10357,508,0,0,5,0,0,0,0,1,0,0,0
10364,524,0,0,8,0,0,9,0,9,0,5,9
10371,500,0,0,1,2,0,0,0,0,0,0,0
10377,500,0,0,1,2,0,0,0,0,0,0,0
10384,548,0,0,6,1d,d0,0,b,a0,0,0,0
10390,100,0,0,2,2,fe,0,0,0,0,0,0
10397,100,0,0,2,2,f9,0,0,0,0,0,0
10404,100,0,0,2,2,fb,0,0,0,0,0,0
10410,500,0,0,1,2,0,0,0,0,0,0,0
10417,544,0,0,6,a,80,0,b,90,0,0,0
10424,100,0,0,2,2,f8,0,0,0,0,0,0
10430,508,0,0,5,0,0,0,0,1,0,0,0
10437,508,0,0,5,0,0,0,0,1,0,0,0
10444,508,0,0,5,0,0,0,0,1,0,0,0
10451,500,0,0,1,2,0,0,0,0,0,0,0
10459,52C,0,0,1,4,0,0,0,0,0,0,0
10466,554,0,0,4,0,0,0,0,0,0,0,0
10473,534,0,0,2,ac,7,0,0,0,0,0,0
10480,508,0,0,5,0,0,0,0,1,0,0,0
10486,508,0,0,5,0,0,0,0,1,0,0,0
10493,544,0,0,6,9,80,0,b,90,0,0,0
10500,520,0,0,8,0,9,4,5,b,5,9,9
10507,500,0,0,1,2,0,0,0,0,0,0,0
10514,500,0,0,1,2,0,0,0,0,0,0,0
10521,534,0,0,2,ab,7,0,0,0,0,0,0
10527,508,0,0,5,0,0,0,0,1,0,0,0
10534,100,0,0,2,2,f9,0,0,0,0,0,0
10541,100,0,0,2,2,f9,0,0,0,0,0,0
10548,54C,0,0,6,c,c0,0,c,90,0,0,0
10555,500,0,0,1,2,0,0,0,0,0,0,0
10564,508,0,0,5,0,0,0,0,1,0,0,0
10571,100,0,0,2,3,0,0,0,0,0,0,0
10578,500,0,0,1,2,0,0,0,0,0,0,0
10585,534,0,0,2,ac,7,0,0,0,0,0,0
10592,548,0,0,6,1e,d0,0,b,b0,0,0,0
10599,55C,0,0,1,14,0,0,0,0,0,0,0
10606,534,0,0,2,ac,7,0,0,0,0,0,0
10613,500,0,0,1,2,0,0,0,0,0,0,0
10620,100,0,0,2,2,ff,0,0,0,0,0,0
10627,508,0,0,5,0,0,0,0,1,0,0,0
10634,100,0,0,2,2,fc,0,0,0,0,0,0
10641,550,0,0,4,19,1a,1d,0,0,0,0,0
10648,504,0,0,3,0,cb,1,0,0,0,0,0
10656,534,0,0,2,ac,7,0,0,0,0,0,0
10663,100,0,0,2,2,f8,0,0,0,0,0,0
10672,524,0,0,8,0,0,9,0,9,0,5,9
10679,508,0,0,5,0,0,0,0,1,0,0,0
10686,100,0,0,2,2,fa,0,0,0,0,0,0
10694,508,0,0,5,0,0,0,0,1,0,0,0
10701,534,0,0,2,ac,7,0,0,0,0,0,0
10708,570,0,0,1,1a,0,0,0,0,0,0,0
10715,50C,0,0,3,77,6,1,0,0,0,0,0
10723,540,0,0,6,9,a0,0,8,90,0,0,0
10730,500,0,0,1,2,0,0,0,0,0,0,0
10737,100,0,0,2,2,ff,0,0,0,0,0,0
10745,534,0,0,2,ac,7,0,0,0,0,0,0
10752,528,0,0,1,4,0,0,0,0,0,0,0
10760,520,0,0,8,0,9,4,5,b,5,9,9
10767,504,0,0,3,0,cb,1,0,0,0,0,0
10775,100,0,0,2,2,fe,0,0,0,0,0,0
10784,100,0,0,2,2,fd,0,0,0,0,0,0
10792,534,0,0,2,ac,7,0,0,0,0,0,0
10799,508,0,0,5,0,0,0,0,1,0,0,0
10807,100,0,0,2,2,f8,0,0,0,0,0,0
10815,504,0,0,3,0,ca,1,0,0,0,0,0
10822,508,0,0,5,0,0,0,0,1,0,0,0
10830,540,0,0,6,9,90,0,8,90,0,0,0
10838,500,0,0,1,2,0,0,0,0,0,0,0
10845,509,0,0,6,7f,ff,7f,ff,7f,ff,0,0
10853,508,0,0,5,0,0,0,0,1,0,0,0
10861,544,0,0,6,9,80,0,b,90,0,0,0
10868,554,0,0,4,0,0,0,0,0,0,0,0
10876,508,0,0,5,0,0,0,0,1,0,0,0
10884,100,0,0,2,2,f8,0,0,0,0,0,0
10892,524,0,0,8,0,0,9,0,9,0,5,9
10902,508,0,0,5,0,0,0,0,1,0,0,0
10910,500,0,0,1,2,0,0,0,0,0,0,0
10917,508,0,0,5,0,0,0,0,1,0,0,0
10925,548,0,0,6,1d,d0,0,b,a0,0,0,0
10933,100,0,0,2,2,f8,0,0,0,0,0,0
10941,508,0,0,5,0,0,0,0,1,0,0,0
10949,100,0,0,2,2,f5,0,0,0,0,0,0
10957,500,0,0,1,2,0,0,0,0,0,0,0
10965,508,0,0,5,0,0,0,0,1,0,0,0
10972,528,0,0,1,4,0,0,0,0,0,0,0
10980,500,0,0,1,2,0,0,0,0,0,0,0
10988,54C,0,0,6,c,c0,0,c,90,0,0,0
10996,508,0,0,5,0,0,0,0,1,0,0,0
11004,500,0,0,1,2,0,0,0,0,0,0,0
11012,100,0,0,2,2,fa,0,0,0,0,0,0
11020,100,0,0,2,2,fe,0,0,0,0,0,0
11030,100,0,0,2,2,fa,0,0,0,0,0,0
11038,520,0,0,8,0,9,4,5,b,5,9,9
11046,54C,0,0,6,c,c0,0,c,90,0,0,0
11054,540,0,0,6,9,90,0,8,90,0,0,0
11062,500,0,0,1,2,0,0,0,0,0,0,0
11070,508,0,0,5,0,0,0,0,1,0,0,0
11078,52C,0,0,1,4,0,0,0,0,0,0,0
11086,504,0,0,3,0,cb,1,0,0,0,0,0
11094,534,0,0,2,ab,7,0,0,0,0,0,0
11102,508,0,0,5,0,0,0,0,1,0,0,0
11113,508,0,0,5,0,0,0,0,1,0,0,0
11121,100,0,0,2,2,f8,0,0,0,0,0,0
11130,100,0,0,2,2,f9,0,0,0,0,0,0
11138,55C,0,0,1,14,0,0,0,0,0,0,0
11146,500,0,0,1,2,0,0,0,0,0,0,0
11156,54C,0,0,6,c,c0,0,c,90,0,0,0
11164,540,0,0,6,9,90,0,8,90,0,0,0
11173,100,0,0,2,2,f8,0,0,0,0,0,0
11181,504,0,0,3,0,cb,1,0,0,0,0,0
11189,509,0,0,6,7f,ff,7f,ff,7f,ff,0,0
11197,508,0,0,5,0,0,0,0,1,0,0,0
11205,100,0,0,2,3,1,0,0,0,0,0,0
11213,500,0,0,1,2,0,0,0,0,0,0,0
11222,524,0,0,8,0,0,9,0,9,0,5,9
11230,508,0,0,5,0,0,0,0,1,0,0,0
11238,504,0,0,3,0,cb,1,0,0,0,0,0
11247,100,0,0,2,2,fb,0,0,0,0,0,0
11255,548,0,0,6,1d,d0,0,b,a0,0,0,0
11263,54C,0,0,6,c,c0,0,c,90,0,0,0
11271,500,0,0,1,2,0,0,0,0,0,0,0
11282,508,0,0,5,0,0,0,0,1,0,0,0
11290,508,0,0,5,0,0,0,0,1,0,0,0
11299,100,0,0,2,2,fd,0,0,0,0,0,0
11307,504,0,0,3,0,cb,1,0,0,0,0,0
11316,500,0,0,1,2,0,0,0,0,0,0,0
11324,508,0,0,5,0,0,0,0,1,0,0,0
11332,524,0,0,8,0,0,9,0,9,0,5,9
11341,500,0,0,1,2,0,0,0,0,0,0,0
11349,544,0,0,6,a,80,0,b,90,0,0,0
11358,100,0,0,2,3,1,0,0,0,0,0,0
11366,504,0,0,3,0,cb,1,0,0,0,0,0
11375,512,0,0,4,0,0,0,0,0,0,0,0
11383,500,0,0,1,2,0,0,0,0,0,0,0
11392,508,0,0,5,0,0,0,0,1,0,0,0
11400,100,0,0,2,2,f7,0,0,0,0,0,0
11411,504,0,0,3,0,cb,1,0,0,0,0,0
11420,504,0,0,3,0,cb,1,0,0,0,0,0
11428,500,0,0,1,2,0,0,0,0,0,0,0
11437,508,0,0,5,0,0,0,0,1,0,0,0
11445,508,0,0,5,0,0,0,0,1,0,0,0
11454,100,0,0,2,3,2,0,0,0,0,0,0
11463,100,0,0,2,2,f9,0,0,0,0,0,0
11471,100,0,0,2,2,f6,0,0,0,0,0,0
11480,50C,0,0,3,77,6,1,0,0,0,0,0
11489,540,0,0,6,9,90,0,9,90,0,0,0
11497,550,0,0,4,19,1a,1d,0,0,0,0,0
11506,554,0,0,4,0,0,0,0,0,0,0,0
11521,100,0,0,2,3,0,0,0,0,0,0,0
11531,504,0,0,3,0,cb,1,0,0,0,0,0
11540,508,0,0,5,0,0,0,0,1,0,0,0
11552,508,0,0,5,0,0,0,0,1,0,0,0
11560,508,0,0,5,0,0,0,0,1,0,0,0
11569,570,0,0,1,1a,0,0,0,0,0,0,0
11578,100,0,0,2,2,fa,0,0,0,0,0,0
11587,100,0,0,2,2,fe,0,0,0,0,0,0
11596,100,0,0,2,3,2,0,0,0,0,0,0
11605,100,0,0,2,3,2,0,0,0,0,0,0
11614,508,0,0,5,0,0,0,0,1,0,0,0
11624,534,0,0,2,ac,7,0,0,0,0,0,0
11633,500,0,0,1,2,0,0,0,0,0,0,0
11642,100,0,0,2,3,2,0,0,0,0,0,0
11651,504,0,0,3,0,cb,1,0,0,0,0,0
11660,500,0,0,1,2,0,0,0,0,0,0,0
11669,509,0,0,6,7f,ff,7f,ff,7f,ff,0,0
11678,508,0,0,5,0,0,0,0,1,0,0,0
11690,508,0,0,5,0,0,0,0,1,0,0,0
11699,508,0,0,5,0,0,0,0,1,0,0,0
11709,504,0,0,3,0,cb,1,0,0,0,0,0
11718,100,0,0,2,2,fc,0,0,0,0,0,0
11727,528,0,0,1,4,0,0,0,0,0,0,0
11736,534,0,0,2,ac,7,0,0,0,0,0,0
11746,100,0,0,2,2,fb,0,0,0,0,0,0
11755,500,0,0,1,2,0,0,0,0,0,0,0
11764,508,0,0,5,0,0,0,0,1,0,0,0
11774,508,0,0,5,0,0,0,0,1,0,0,0
11783,100,0,0,2,2,ff,0,0,0,0,0,0
11792,544,0,0,6,a,80,0,b,a0,0,0,0
11802,500,0,0,1,2,0,0,0,0,0,0,0
11808,508,0,0,5,0,0,0,0,1,0,0,0
11815,504,0,0,3,0,cb,1,0,0,0,0,0
11821,52C,0,0,1,4,0,0,0,0,0,0,0
11831,508,0,0,5,0,0,0,0,1,0,0,0
11842,520,0,0,8,0,9,4,5,b,5,9,9
11847,54C,0,0,6,c,c0,0,c,90,0,0,0
11854,100,0,0,2,3,2,0,0,0,0,0,0
11861,100,0,0,2,3,4,0,0,0,0,0,0
11867,534,0,0,2,ac,7,0,0,0,0,0,0
11874,500,0,0,1,2,0,0,0,0,0,0,0
11880,500,0,0,1,2,0,0,0,0,0,0,0
11887,512,0,0,4,0,0,0,0,0,0,0,0
11893,550,0,0,4,19,1a,1d,0,0,0,0,0
11900,554,0,0,4,0,0,0,0,0,0,0,0
11907,544,0,0,6,9,90,0,b,90,0,0,0
11914,500,0,0,1,2,0,0,0,0,0,0,0
11920,100,0,0,2,2,fc,0,0,0,0,0,0
11927,100,0,0,2,3,1,0,0,0,0,0,0
11935,508,0,0,5,0,0,0,0,1,0,0,0
11942,508,0,0,5,0,0,0,0,1,0,0,0
11949,100,0,0,2,2,fd,0,0,0,0,0,0
11956,504,0,0,3,0,cb,1,0,0,0,0,0
11962,100,0,0,2,3,2,0,0,0,0,0,0
11969,500,0,0,1,2,0,0,0,0,0,0,0
11976,534,0,0,2,ab,7,0,0,0,0,0,0
11983,100,0,0,2,2,ff,0,0,0,0,0,0
11989,100,0,0,2,2,ff,0,0,0,0,0,0
11996,512,0,0,4,0,0,0,0,0,0,0,0
12003,508,0,0,5,0,0,0,0,1,0,0,0
12010,500,0,0,1,2,0,0,0,0,0,0,0
12017,508,0,0,5,0,0,0,0,1,0,0,0
12023,100,0,0,2,3,1,0,0,0,0,0,0
12030,534,0,0,2,ab,7,0,0,0,0,0,0
12039,508,0,0,5,0,0,0,0,1,0,0,0
12046,508,0,0,5,0,0,0,0,1,0,0,0
12053,528,0,0,1,4,0,0,0,0,0,0,0
12060,100,0,0,2,2,fa,0,0,0,0,0,0
12067,544,0,0,6,9,90,0,b,90,0,0,0
12074,504,0,0,3,0,cb,1,0,0,0,0,0
12081,100,0,0,2,2,f7,0,0,0,0,0,0
12088,100,0,0,2,2,fc,0,0,0,0,0,0
12095,508,0,0,5,0,0,0,0,1,0,0,0
12102,100,0,0,2,2,ff,0,0,0,0,0,0
12109,100,0,0,2,2,fc,0,0,0,0,0,0
12116,500,0,0,1,2,0,0,0,0,0,0,0
12123,544,0,0,6,a,80,0,b,90,0,0,0
12130,100,0,0,2,2,f6,0,0,0,0,0,0
12137,520,0,0,8,0,9,4,5,b,5,9,9
12146,504,0,0,3,0,cb,1,0,0,0,0,0
12153,504,0,0,3,0,ca,1,0,0,0,0,0
12161,508,0,0,5,0,0,0,0,1,0,0,0
12168,504,0,0,3,0,cb,1,0,0,0,0,0
12175,500,0,0,1,2,0,0,0,0,0,0,0
12182,508,0,0,5,0,0,0,0,1,0,0,0
12189,504,0,0,3,0,cb,1,0,0,0,0,0
12196,100,0,0,2,2,f8,0,0,0,0,0,0
12204,508,0,0,5,0,0,0,0,1,0,0,0
12211,500,0,0,1,2,0,0,0,0,0,0,0
12218,100,0,0,2,3,1,0,0,0,0,0,0
12225,514,0,0,3,3,ff,0,0,0,0,0,0
12233,544,0,0,6,9,90,0,b,90,0,0,0
12240,100,0,0,2,3,0,0,0,0,0,0,0
12248,100,0,0,2,3,0,0,0,0,0,0,0
12255,548,0,0,6,1e,d0,0,b,a0,0,0,0
12265,508,0,0,5,0,0,0,0,1,0,0,0
12272,534,0,0,2,ab,7,0,0,0,0,0,0
12280,508,0,0,5,0,0,0,0,1,0,0,0
12287,544,0,0,6,9,90,0,b,90,0,0,0
12295,100,0,0,2,3,1,0,0,0,0,0,0
12303,520,0,0,8,0,9,4,5,b,5,9,9
12310,504,0,0,3,0,cb,1,0,0,0,0,0
12318,500,0,0,1,2,0,0,0,0,0,0,0
12325,570,0,0,1,1a,0,0,0,0,0,0,0
12333,508,0,0,5,0,0,0,0,1,0,0,0
12341,524,0,0,8,0,0,9,0,9,0,5,9
12348,100,0,0,2,2,f9,0,0,0,0,0,0
12356,514,0,0,3,3,ff,0,0,0,0,0,0
12364,500,0,0,1,2,0,0,0,0,0,0,0
12371,534,0,0,2,ac,7,0,0,0,0,0,0
12381,504,0,0,3,0,cb,1,0,0,0,0,0
12389,512,0,0,4,0,0,0,0,0,0,0,0
12397,524,0,0,8,0,0,9,0,9,0,5,9
12405,100,0,0,2,3,0,0,0,0,0,0,0
12412,500,0,0,1,2,0,0,0,0,0,0,0
12420,508,0,0,5,0,0,0,0,1,0,0,0
12428,504,0,0,3,0,ca,1,0,0,0,0,0
12436,540,0,0,6,9,a0,0,8,a0,0,0,0
12444,100,0,0,2,2,f9,0,0,0,0,0,0
12452,508,0,0,5,0,0,0,0,1,0,0,0
12463,100,0,0,2,2,fc,0,0,0,0,0,0
12470,100,0,0,2,2,fc,0,0,0,0,0,0
12478,508,0,0,5,0,0,0,0,1,0,0,0
12486,500,0,0,1,2,0,0,0,0,0,0,0
12494,540,0,0,6,9,90,0,9,90,0,0,0
12504,504,0,0,3,0,cb,1,0,0,0,0,0
12512,524,0,0,8,0,0,9,0,9,0,5,9
12520,508,0,0,5,0,0,0,0,1,0,0,0
12528,520,0,0,8,0,9,4,5,b,5,9,9
12536,100,0,0,2,2,fd,0,0,0,0,0,0
12544,570,0,0,1,1a,0,0,0,0,0,0,0
12552,508,0,0,5,0,0,0,0,1,0,0,0
12560,504,0,0,3,0,ca,1,0,0,0,0,0
12568,544,0,0,6,9,80,0,b,90,0,0,0
12576,100,0,0,2,2,f9,0,0,0,0,0,0
12584,509,0,0,6,7f,ff,7f,ff,7f,ff,0,0
12592,500,0,0,1,2,0,0,0,0,0,0,0
12600,100,0,0,2,3,1,0,0,0,0,0,0
12608,504,0,0,3,0,cb,1,0,0,0,0,0
12616,50C,0,0,3,77,6,1,0,0,0,0,0
12626,508,0,0,5,0,0,0,0,1,0,0,0
12634,508,0,0,5,0,0,0,0,1,0,0,0
12643,504,0,0,3,0,ca,1,0,0,0,0,0
12651,100,0,0,2,2,fe,0,0,0,0,0,0
12659,500,0,0,1,2,0,0,0,0,0,0,0
12667,508,0,0,5,0,0,0,0,1,0,0,0
12675,524,0,0,8,0,0,9,0,9,0,5,9
12683,100,0,0,2,2,fd,0,0,0,0,0,0
12691,550,0,0,4,19,1a,1d,0,0,0,0,0
12700,100,0,0,2,2,fd,0,0,0,0,0,0
12708,508,0,0,5,0,0,0,0,1,0,0,0
12716,508,0,0,5,0,0,0,0,1,0,0,0
12724,508,0,0,5,0,0,0,0,1,0,0,0
12732,100,0,0,2,2,fa,0,0,0,0,0,0
12741,100,0,0,2,2,fe,0,0,0,0,0,0
12751,500,0,0,1,2,0,0,0,0,0,0,0
12760,500,0,0,1,2,0,0,0,0,0,0,0
12768,508,0,0,5,0,0,0,0,1,0,0,0
12776,504,0,0,3,0,cb,1,0,0,0,0,0
12785,500,0,0,1,2,0,0,0,0,0,0,0
12793,520,0,0,8,0,9,4,5,b,5,9,9
12801,100,0,0,2,2,f8,0,0,0,0,0,0
12810,508,0,0,5,0,0,0,0,1,0,0,0
12818,500,0,0,1,2,0,0,0,0,0,0,0
12826,100,0,0,2,2,fb,0,0,0,0,0,0
12835,504,0,0,3,0,cb,1,0,0,0,0,0
12843,100,0,0,2,2,fd,0,0,0,0,0,0
12852,508,0,0,5,0,0,0,0,1,0,0,0
12860,548,0,0,6,1e,d0,0,b,a0,0,0,0
12869,534,0,0,2,ab,7,0,0,0,0,0,0
12877,100,0,0,2,2,fa,0,0,0,0,0,0
12888,500,0,0,1,2,0,0,0,0,0,0,0
12897,500,0,0,1,2,0,0,0,0,0,0,0
12905,508,0,0,5,0,0,0,0,1,0,0,0
12914,548,0,0,6,1d,d0,0,b,a0,0,0,0
12922,100,0,0,2,2,fc,0,0,0,0,0,0
12931,100,0,0,2,2,f5,0,0,0,0,0,0
12939,504,0,0,3,0,cb,1,0,0,0,0,0
12948,509,0,0,6,7f,ff,7f,ff,7f,ff,0,0
12957,500,0,0,1,2,0,0,0,0,0,0,0
12965,508,0,0,5,0,0,0,0,1,0,0,0
12974,540,0,0,6,9,a0,0,8,90,0,0,0
12982,534,0,0,2,ac,7,0,0,0,0,0,0
12998,500,0,0,1,2,0,0,0,0,0,0,0
13007,544,0,0,6,a,80,0,b,90,0,0,0
13016,520,0,0,8,0,9,4,5,b,5,9,9
13028,528,0,0,1,4,0,0,0,0,0,0,0
13037,540,0,0,6,9,90,0,8,90,0,0,0
13046,100,0,0,2,2,fd,0,0,0,0,0,0
13054,100,0,0,2,2,fe,0,0,0,0,0,0
13063,524,0,0,8,0,0,9,0,9,0,5,9
13072,508,0,0,5,0,0,0,0,1,0,0,0
13081,534,0,0,2,ac,7,0,0,0,0,0,0
13090,548,0,0,6,1e,d0,0,b,a0,0,0,0
13099,100,0,0,2,2,f9,0,0,0,0,0,0
13108,100,0,0,2,2,fe,0,0,0,0,0,0
13117,544,0,0,6,9,80,0,b,90,0,0,0
13126,514,0,0,3,3,ff,0,0,0,0,0,0
13136,504,0,0,3,0,cb,1,0,0,0,0,0
13145,548,0,0,6,1e,d0,0,b,a0,0,0,0
13154,500,0,0,1,2,0,0,0,0,0,0,0
13166,100,0,0,2,3,1,0,0,0,0,0,0
13175,100,0,0,2,2,f7,0,0,0,0,0,0
13184,100,0,0,2,2,f7,0,0,0,0,0,0
13193,504,0,0,3,0,cb,1,0,0,0,0,0
13202,540,0,0,6,9,90,0,8,a0,0,0,0
13211,508,0,0,5,0,0,0,0,1,0,0,0
13221,534,0,0,2,ac,7,0,0,0,0,0,0
13230,504,0,0,3,0,cb,1,0,0,0,0,0
13239,100,0,0,2,2,fe,0,0,0,0,0,0
13249,100,0,0,2,2,fd,0,0,0,0,0,0
13258,540,0,0,6,9,a0,0,8,90,0,0,0
13267,100,0,0,2,2,fa,0,0,0,0,0,0
13276,508,0,0,5,0,0,0,0,1,0,0,0
13286,520,0,0,8,0,9,4,5,b,5,9,9
13295,100,0,0,2,2,fa,0,0,0,0,0,0
13308,540,0,0,6,9,a0,0,8,90,0,0,0
13313,504,0,0,3,0,cb,1,0,0,0,0,0
13320,534,0,0,2,ab,7,0,0,0,0,0,0
13326,100,0,0,2,2,f5,0,0,0,0,0,0
13334,500,0,0,1,2,0,0,0,0,0,0,0
13345,508,0,0,5,0,0,0,0,1,0,0,0
13351,504,0,0,3,0,cb,1,0,0,0,0,0
13357,534,0,0,2,ab,7,0,0,0,0,0,0
13364,544,0,0,6,9,90,0,c,90,0,0,0
13370,500,0,0,1,2,0,0,0,0,0,0,0
13377,100,0,0,2,2,fa,0,0,0,0,0,0
13383,540,0,0,6,9,90,0,8,90,0,0,0
13390,534,0,0,2,ab,7,0,0,0,0,0,0
13397,504,0,0,3,0,ca,1,0,0,0,0,0
13403,524,0,0,8,0,0,9,0,9,0,5,9
13412,512,0,0,4,0,0,0,0,0,0,0,0
13418,534,0,0,2,ac,7,0,0,0,0,0,0
13425,54C,0,0,6,c,c0,0,c,90,0,0,0
13432,55C,0,0,1,14,0,0,0,0,0,0,0
13438,508,0,0,5,0,0,0,0,1,0,0,0
13445,520,0,0,8,0,9,4,5,b,5,9,9
13452,508,0,0,5,0,0,0,0,1,0,0,0
13459,540,0,0,6,9,a0,0,8,90,0,0,0
13465,500,0,0,1,2,0,0,0,0,0,0,0
13472,100,0,0,2,2,fb,0,0,0,0,0,0
13479,504,0,0,3,0,cb,1,0,0,0,0,0
13486,528,0,0,1,4,0,0,0,0,0,0,0
13492,100,0,0,2,3,1,0,0,0,0,0,0
13499,534,0,0,2,ac,7,0,0,0,0,0,0
13506,500,0,0,1,2,0,0,0,0,0,0,0
13515,544,0,0,6,9,90,0,b,90,0,0,0
13522,100,0,0,2,2,fa,0,0,0,0,0,0
13528,100,0,0,2,2,fa,0,0,0,0,0,0
13535,540,0,0,6,9,a0,0,8,90,0,0,0
13542,100,0,0,2,2,fd,0,0,0,0,0,0
13549,504,0,0,3,0,cb,1,0,0,0,0,0
13556,504,0,0,3,0,cb,1,0,0,0,0,0
13563,500,0,0,1,2,0,0,0,0,0,0,0
13570,504,0,0,3,0,cb,1,0,0,0,0,0
13577,100,0,0,2,3,1,0,0,0,0,0,0
13584,52C,0,0,1,4,0,0,0,0,0,0,0
13591,100,0,0,2,2,f7,0,0,0,0,0,0
13598,100,0,0,2,2,f7,0,0,0,0,0,0
13605,504,0,0,3,0,cb,1,0,0,0,0,0
13612,100,0,0,2,2,fa,0,0,0,0,0,0
13621,534,0,0,2,ab,7,0,0,0,0,0,0
13628,508,0,0,5,0,0,0,0,1,0,0,0
13635,100,0,0,2,2,fa,0,0,0,0,0,0
13642,540,0,0,6,9,a0,0,8,90,0,0,0
13649,508,0,0,5,0,0,0,0,1,0,0,0
13656,100,0,0,2,2,fa,0,0,0,0,0,0
13664,504,0,0,3,0,cb,1,0,0,0,0,0
13671,508,0,0,5,0,0,0,0,1,0,0,0
13678,100,0,0,2,3,1,0,0,0,0,0,0
13685,504,0,0,3,0,cb,1,0,0,0,0,0
13692,52C,0,0,1,4,0,0,0,0,0,0,0
13699,100,0,0,2,2,ff,0,0,0,0,0,0
13707,100,0,0,2,2,fd,0,0,0,0,0,0
13714,508,0,0,5,0,0,0,0,1,0,0,0
13722,504,0,0,3,0,cb,1,0,0,0,0,0
13731,100,0,0,2,2,fa,0,0,0,0,0,0
13739,500,0,0,1,2,0,0,0,0,0,0,0
13746,508,0,0,5,0,0,0,0,1,0,0,0
13754,100,0,0,2,2,fd,0,0,0,0,0,0
13761,548,0,0,6,1d,d0,0,b,a0,0,0,0
13769,508,0,0,5,0,0,0,0,1,0,0,0
13776,500,0,0,1,2,0,0,0,0,0,0,0
13784,504,0,0,3,0,cb,1,0,0,0,0,0
13791,508,0,0,5,0,0,0,0,1,0,0,0
13799,500,0,0,1,2,0,0,0,0,0,0,0
13806,504,0,0,3,0,cb,1,0,0,0,0,0
13814,55C,0,0,1,14,0,0,0,0,0,0,0
13821,508,0,0,5,0,0,0,0,1,0,0,0
13829,100,0,0,2,2,fe,0,0,0,0,0,0
13837,100,0,0,2,2,f9,0,0,0,0,0,0
13844,520,0,0,8,0,9,4,5,b,5,9,9
13854,504,0,0,3,0,ca,1,0,0,0,0,0
13862,100,0,0,2,2,fc,0,0,0,0,0,0
13870,500,0,0,1,2,0,0,0,0,0,0,0
13877,508,0,0,5,0,0,0,0,1,0,0,0
13885,508,0,0,5,0,0,0,0,1,0,0,0
13893,100,0,0,2,2,fe,0,0,0,0,0,0
13901,520,0,0,8,0,9,4,5,b,5,9,9
13908,508,0,0,5,0,0,0,0,1,0,0,0
13916,100,0,0,2,2,fb,0,0,0,0,0,0
13924,504,0,0,3,0,ca,1,0,0,0,0,0
13932,508,0,0,5,0,0,0,0,1,0,0,0
13940,508,0,0,5,0,0,0,0,1,0,0,0
13948,544,0,0,6,9,80,0,b,90,0,0,0
13956,520,0,0,8,0,9,4,5,b,5,9,9
13963,508,0,0,5,0,0,0,0,1,0,0,0
13974,504,0,0,3,0,cb,1,0,0,0,0,0
13981,100,0,0,2,2,fe,0,0,0,0,0,0
13989,500,0,0,1,2,0,0,0,0,0,0,0
13997,100,0,0,2,2,fa,0,0,0,0,0,0
14005,508,0,0,5,0,0,0,0,1,0,0,0
14013,500,0,0,1,2,0,0,0,0,0,0,0
14021,504,0,0,3,0,ca,1,0,0,0,0,0
14028,55C,0,0,1,14,0,0,0,0,0,0,0
14036,508,0,0,5,0,0,0,0,1,0,0,0
14044,100,0,0,2,2,fb,0,0,0,0,0,0
14052,100,0,0,2,2,fb,0,0,0,0,0,0
14060,100,0,0,2,3,0,0,0,0,0,0,0
14068,508,0,0,5,0,0,0,0,1,0,0,0
14076,504,0,0,3,0,cb,1,0,0,0,0,0
14084,540,0,0,6,9,90,0,8,90,0,0,0
14095,550,0,0,4,19,1a,1d,0,0,0,0,0
14103,534,0,0,2,ab,7,0,0,0,0,0,0
14111,508,0,0,5,0,0,0,0,1,0,0,0
14119,524,0,0,8,0,0,9,0,9,0,5,9
14127,52C,0,0,1,4,0,0,0,0,0,0,0
14135,504,0,0,3,0,cb,1,0,0,0,0,0
14143,509,0,0,6,7f,ff,7f,ff,7f,ff,0,0
14151,500,0,0,1,2,0,0,0,0,0,0,0
14159,100,0,0,2,2,fa,0,0,0,0,0,0
14167,100,0,0,2,2,f8,0,0,0,0,0,0
14175,100,0,0,2,2,f8,0,0,0,0,0,0
14183,508,0,0,5,0,0,0,0,1,0,0,0
14192,540,0,0,6,9,a0,0,8,90,0,0,0
14200,100,0,0,2,3,1,0,0,0,0,0,0
14208,500,0,0,1,2,0,0,0,0,0,0,0
14219,504,0,0,3,0,cb,1,0,0,0,0,0
14227,524,0,0,8,0,0,9,0,9,0,5,9
14235,508,0,0,5,0,0,0,0,1,0,0,0
14243,540,0,0,6,9,a0,0,8,90,0,0,0
14252,100,0,0,2,2,ff,0,0,0,0,0,0
14260,548,0,0,6,1e,d0,0,b,a0,0,0,0
14268,508,0,0,5,0,0,0,0,1,0,0,0
14276,500,0,0,1,2,0,0,0,0,0,0,0
14285,100,0,0,2,2,fc,0,0,0,0,0,0
14293,100,0,0,2,2,ff,0,0,0,0,0,0
14301,550,0,0,4,19,1a,1d,0,0,0,0,0
14310,508,0,0,5,0,0,0,0,1,0,0,0
14318,504,0,0,3,0,cb,1,0,0,0,0,0
14327,100,0,0,2,2,f8,0,0,0,0,0,0
14335,524,0,0,8,0,0,9,0,9,0,5,9
14346,568,0,0,1,14,0,0,0,0,0,0,0
14354,504,0,0,3,0,cb,1,0,0,0,0,0
14363,508,0,0,5,0,0,0,0,1,0,0,0
14371,508,0,0,5,0,0,0,0,1,0,0,0
14380,100,0,0,2,2,f8,0,0,0,0,0,0
14388,524,0,0,8,0,0,9,0,9,0,5,9
14397,534,0,0,2,ab,7,0,0,0,0,0,0
14405,508,0,0,5,0,0,0,0,1,0,0,0
14414,508,0,0,5,0,0,0,0,1,0,0,0
14422,100,0,0,2,2,f6,0,0,0,0,0,0
14431,544,0,0,6,a,80,0,b,90,0,0,0
14439,500,0,0,1,2,0,0,0,0,0,0,0
14448,50C,0,0,3,77,6,1,0,0,0,0,0
14457,508,0,0,5,0,0,0,0,1,0,0,0
14472,534,0,0,2,aa,7,0,0,0,0,0,0
14484,500,0,0,1,2,0,0,0,0,0,0,0
14493,100,0,0,2,2,f9,0,0,0,0,0,0
14502,504,0,0,3,0,cb,1,0,0,0,0,0
14510,504,0,0,3,0,cb,1,0,0,0,0,0
14519,514,0,0,3,3,ff,0,0,0,0,0,0
14528,500,0,0,1,2,0,0,0,0,0,0,0
14537,504,0,0,3,0,cb,1,0,0,0,0,0
14546,100,0,0,2,2,f6,0,0,0,0,0,0
14555,100,0,0,2,2,fe,0,0,0,0,0,0
14564,500,0,0,1,2,0,0,0,0,0,0,0
14573,508,0,0,5,0,0,0,0,1,0,0,0
14582,508,0,0,5,0,0,0,0,1,0,0,0
14591,508,0,0,5,0,0,0,0,1,0,0,0
14600,500,0,0,1,2,0,0,0,0,0,0,0
14609,500,0,0,1,2,0,0,0,0,0,0,0
14618,504,0,0,3,0,cb,1,0,0,0,0,0
14630,504,0,0,3,0,ca,1,0,0,0,0,0
14639,100,0,0,2,2,fe,0,0,0,0,0,0
14648,508,0,0,5,0,0,0,0,1,0,0,0
14657,544,0,0,6,9,80,0,b,90,0,0,0
14666,504,0,0,3,0,cb,1,0,0,0,0,0
14675,100,0,0,2,3,2,0,0,0,0,0,0
14684,100,0,0,2,2,fa,0,0,0,0,0,0
14694,500,0,0,1,2,0,0,0,0,0,0,0
14703,100,0,0,2,3,3,0,0,0,0,0,0
14712,508,0,0,5,0,0,0,0,1,0,0,0
14721,508,0,0,5,0,0,0,0,1,0,0,0
14730,508,0,0,5,0,0,0,0,1,0,0,0
14740,550,0,0,4,19,1a,1d,0,0,0,0,0
14749,534,0,0,2,aa,7,0,0,0,0,0,0
14758,500,0,0,1,2,0,0,0,0,0,0,0
14770,55C,0,0,1,14,0,0,0,0,0,0,0
14780,508,0,0,5,0,0,0,0,1,0,0,0
14789,504,0,0,3,0,cb,1,0,0,0,0,0
14798,508,0,0,5,0,0,0,0,1,0,0,0
14808,100,0,0,2,2,f8,0,0,0,0,0,0
14814,100,0,0,2,3,2,0,0,0,0,0,0
14820,500,0,0,1,2,0,0,0,0,0,0,0
14827,504,0,0,3,0,ca,1,0,0,0,0,0
14835,540,0,0,6,9,a0,0,8,a0,0,0,0
14845,50C,0,0,3,77,6,1,0,0,0,0,0
14851,508,0,0,5,0,0,0,0,1,0,0,0
14857,500,0,0,1,2,0,0,0,0,0,0,0
14864,500,0,0,1,2,0,0,0,0,0,0,0
14871,504,0,0,3,0,ca,1,0,0,0,0,0
14877,100,0,0,2,2,f7,0,0,0,0,0,0
14886,100,0,0,2,2,f7,0,0,0,0,0,0
14892,544,0,0,6,9,80,0,c,90,0,0,0
14899,100,0,0,2,2,fa,0,0,0,0,0,0
14905,550,0,0,4,19,1a,1d,0,0,0,0,0
14912,540,0,0,6,9,90,0,8,90,0,0,0
14919,554,0,0,4,0,0,0,0,0,0,0,0
14925,534,0,0,2,ab,7,0,0,0,0,0,0
14932,544,0,0,6,9,80,0,b,90,0,0,0
14939,50C,0,0,3,77,6,1,0,0,0,0,0
14945,508,0,0,5,0,0,0,0,1,0,0,0
14952,508,0,0,5,0,0,0,0,1,0,0,0
14959,504,0,0,3,0,cb,1,0,0,0,0,0
14966,508,0,0,5,0,0,0,0,1,0,0,0
14972,534,0,0,2,ab,7,0,0,0,0,0,0
14979,100,0,0,2,3,0,0,0,0,0,0,0
14988,100,0,0,2,2,fe,0,0,0,0,0,0
14995,508,0,0,5,0,0,0,0,1,0,0,0
15001,500,0,0,1,2,0,0,0,0,0,0,0
15008,100,0,0,2,2,f8,0,0,0,0,0,0
15015,100,0,0,2,3,2,0,0,0,0,0,0
15022,100,0,0,2,2,ff,0,0,0,0,0,0
15029,100,0,0,2,2,f4,0,0,0,0,0,0
15036,504,0,0,3,0,cb,1,0,0,0,0,0
15042,100,0,0,2,3,4,0,0,0,0,0,0
15049,544,0,0,6,9,80,0,b,90,0,0,0
15056,500,0,0,1,2,0,0,0,0,0,0,0
15063,524,0,0,8,0,0,9,0,9,0,5,9
15070,100,0,0,2,2,f6,0,0,0,0,0,0
15077,100,0,0,2,2,fb,0,0,0,0,0,0
15084,508,0,0,5,0,0,0,0,1,0,0,0
15091,500,0,0,1,2,0,0,0,0,0,0,0
15098,534,0,0,2,ab,7,0,0,0,0,0,0
15105,508,0,0,5,0,0,0,0,1,0,0,0
15112,100,0,0,2,2,f8,0,0,0,0,0,0
15119,534,0,0,2,ac,7,0,0,0,0,0,0
15126,540,0,0,6,9,a0,0,8,a0,0,0,0
15133,100,0,0,2,2,fc,0,0,0,0,0,0
15140,100,0,0,2,2,fa,0,0,0,0,0,0
15147,504,0,0,3,0,ca,1,0,0,0,0,0
15154,100,0,0,2,2,ff,0,0,0,0,0,0
15161,520,0,0,8,0,9,4,5,b,5,9,9
15168,508,0,0,5,0,0,0,0,1,0,0,0
15176,100,0,0,2,2,f8,0,0,0,0,0,0
15183,500,0,0,1,2,0,0,0,0,0,0,0
15190,508,0,0,5,0,0,0,0,1,0,0,0
15197,508,0,0,5,0,0,0,0,1,0,0,0
15207,500,0,0,1,2,0,0,0,0,0,0,0
15214,534,0,0,2,ab,7,0,0,0,0,0,0
15222,508,0,0,5,0,0,0,0,1,0,0,0
15229,524,0,0,8,0,0,9,0,9,0,5,9
15237,534,0,0,2,ab,7,0,0,0,0,0,0
15244,508,0,0,5,0,0,0,0,1,0,0,0
15252,100,0,0,2,3,0,0,0,0,0,0,0
15259,548,0,0,6,1e,d0,0,b,a0,0,0,0
15267,508,0,0,5,0,0,0,0,1,0,0,0
15274,550,0,0,4,19,1a,1d,0,0,0,0,0
15282,100,0,0,2,2,fa,0,0,0,0,0,0
15289,514,0,0,3,3,ff,0,0,0,0,0,0
15297,508,0,0,5,0,0,0,0,1,0,0,0
15304,100,0,0,2,2,f9,0,0,0,0,0,0
15312,504,0,0,3,0,cb,1,0,0,0,0,0
15322,508,0,0,5,0,0,0,0,1,0,0,0
15329,500,0,0,1,2,0,0,0,0,0,0,0
15337,534,0,0,2,ab,7,0,0,0,0,0,0
15345,524,0,0,8,0,0,9,0,9,0,5,9
15352,100,0,0,2,2,f8,0,0,0,0,0,0
15360,100,0,0,2,2,fb,0,0,0,0,0,0
15368,508,0,0,5,0,0,0,0,1,0,0,0
15375,548,0,0,6,1d,d0,0,b,a0,0,0,0
15383,534,0,0,2,aa,7,0,0,0,0,0,0
15391,100,0,0,2,2,fc,0,0,0,0,0,0
15399,508,0,0,5,0,0,0,0,1,0,0,0
15406,540,0,0,6,9,90,0,8,90,0,0,0
15414,100,0,0,2,2,f5,0,0,0,0,0,0
15422,508,0,0,5,0,0,0,0,1,0,0,0
15430,548,0,0,6,1d,d0,0,b,a0,0,0,0
15440,100,0,0,2,3,1,0,0,0,0,0,0
15448,504,0,0,3,0,cb,1,0,0,0,0,0
15455,524,0,0,8,0,0,9,0,9,0,5,9
15463,508,0,0,5,0,0,0,0,1,0,0,0
15471,504,0,0,3,0,cb,1,0,0,0,0,0
15479,100,0,0,2,2,fe,0,0,0,0,0,0
15487,100,0,0,2,2,fd,0,0,0,0,0,0
15495,508,0,0,5,0,0,0,0,1,0,0,0
15502,100,0,0,2,2,f6,0,0,0,0,0,0
15510,524,0,0,8,0,0,9,0,9,0,5,9
15518,100,0,0,2,2,fe,0,0,0,0,0,0
15526,508,0,0,5,0,0,0,0,1,0,0,0
15534,100,0,0,2,3,0,0,0,0,0,0,0
15542,534,0,0,2,aa,7,0,0,0,0,0,0
15550,504,0,0,3,0,ca,1,0,0,0,0,0
15560,508,0,0,5,0,0,0,0,1,0,0,0
15568,540,0,0,6,9,a0,0,8,90,0,0,0
15576,508,0,0,5,0,0,0,0,1,0,0,0
15584,100,0,0,2,2,fc,0,0,0,0,0,0
15592,548,0,0,6,1e,d0,0,b,b0,0,0,0
15600,508,0,0,5,0,0,0,0,1,0,0,0
15608,534,0,0,2,aa,7,0,0,0,0,0,0
15616,100,0,0,2,2,fa,0,0,0,0,0,0
15624,100,0,0,2,2,fa,0,0,0,0,0,0
15632,514,0,0,3,3,ff,0,0,0,0,0,0
15640,508,0,0,5,0,0,0,0,1,0,0,0
15648,100,0,0,2,2,fa,0,0,0,0,0,0
15656,520,0,0,8,0,9,4,5,b,5,9,9
15665,100,0,0,2,2,f7,0,0,0,0,0,0
15673,508,0,0,5,0,0,0,0,1,0,0,0
15688,508,0,0,5,0,0,0,0,1,0,0,0
15696,508,0,0,5,0,0,0,0,1,0,0,0
15704,534,0,0,2,ab,7,0,0,0,0,0,0
15712,100,0,0,2,2,fc,0,0,0,0,0,0
15720,509,0,0,6,7f,ff,7f,ff,7f,ff,0,0
15728,500,0,0,1,2,0,0,0,0,0,0,0
15736,100,0,0,2,2,f7,0,0,0,0,0,0
15744,528,0,0,1,4,0,0,0,0,0,0,0
15753,100,0,0,2,2,fe,0,0,0,0,0,0
15761,508,0,0,5,0,0,0,0,1,0,0,0
15769,534,0,0,2,ab,7,0,0,0,0,0,0
15777,100,0,0,2,2,f9,0,0,0,0,0,0
15785,500,0,0,1,2,0,0,0,0,0,0,0
15793,564,0,0,1,14,0,0,0,0,0,0,0
15802,508,0,0,5,0,0,0,0,1,0,0,0
15810,548,0,0,6,1d,d0,0,b,a0,0,0,0
15817,504,0,0,3,0,cb,1,0,0,0,0,0
15826,100,0,0,2,2,fc,0,0,0,0,0,0
15834,534,0,0,2,ab,7,0,0,0,0,0,0
15842,55C,0,0,1,14,0,0,0,0,0,0,0
15850,500,0,0,1,1,0,0,0,0,0,0,0
15859,52C,0,0,1,4,0,0,0,0,0,0,0
15867,100,0,0,2,2,fe,0,0,0,0,0,0
15875,100,0,0,2,2,f6,0,0,0,0,0,0
15883,100,0,0,2,2,f6,0,0,0,0,0,0
15892,508,0,0,5,0,0,0,0,1,0,0,0
15900,534,0,0,2,ac,7,0,0,0,0,0,0
15908,504,0,0,3,0,cb,1,0,0,0,0,0
15917,500,0,0,1,1,0,0,0,0,0,0,0
15925,520,0,0,8,9,9,9,9,b,9,9,9
15939,508,0,0,5,0,0,0,0,1,0,0,0
15952,100,0,0,2,2,f9,0,0,0,0,0,0
15960,100,0,0,2,2,fa,0,0,0,0,0,0
15969,100,0,0,2,2,fc,0,0,0,0,0,0
15977,508,0,0,5,0,0,0,0,1,0,0,0
15986,508,0,0,5,0,0,0,0,1,0,0,0
15995,100,0,0,2,2,d6,0,0,0,0,0,0
16003,504,0,0,3,0,cb,1,0,0,0,0,0
16012,500,0,0,1,1,0,0,0,0,0,0,0
16021,508,0,0,5,0,0,0,0,1,0,0,0
16029,544,0,0,6,9,80,0,b,90,0,0,0
16038,520,0,0,8,9,9,9,9,b,9,9,9
16047,500,0,0,1,1,0,0,0,0,0,0,0
16055,540,0,0,6,9,a0,0,8,90,0,0,0
16064,50C,0,0,3,77,6,1,0,0,0,0,0
16073,504,0,0,3,0,cb,1,0,0,0,0,0
16084,500,0,0,1,1,0,0,0,0,0,0,0
16093,520,0,0,8,9,9,9,9,b,9,9,9
16102,508,0,0,5,0,0,0,0,1,0,0,0
16111,568,0,0,1,14,0,0,0,0,0,0,0
16120,508,0,0,5,0,0,0,0,1,0,0,0
16128,508,0,0,5,0,0,0,0,1,0,0,0
16137,54C,0,0,6,c,c0,0,c,90,0,0,0
16146,504,0,0,3,0,cb,1,0,0,0,0,0
16155,534,0,0,2,ac,7,0,0,0,0,0,0
16164,50C,0,0,3,77,6,1,0,0,0,0,0
16173,528,0,0,1,4,0,0,0,0,0,0,0
16182,504,0,0,3,0,cb,1,0,0,0,0,0
16191,548,0,0,6,1e,d0,0,b,a0,0,0,0
16200,534,0,0,2,ab,7,0,0,0,0,0,0
16209,500,0,0,1,1,0,0,0,0,0,0,0
16221,540,0,0,6,9,90,0,8,90,0,0,0
16230,508,0,0,5,0,0,0,0,1,0,0,0
16239,548,0,0,6,1e,d0,0,b,a0,0,0,0
16248,508,0,0,5,0,0,0,0,1,0,0,0
16257,504,0,0,3,0,cb,1,0,0,0,0,0
16266,500,0,0,1,1,0,0,0,0,0,0,0
16275,500,0,0,1,1,0,0,0,0,0,0,0
16284,514,0,0,3,3,ff,0,0,0,0,0,0
16294,508,0,0,5,0,0,0,0,1,0,0,0
16299,500,0,0,1,1,0,0,0,0,0,0,0
16306,500,0,0,1,1,0,0,0,0,0,0,0
16312,524,0,0,8,0,9,9,9,9,9,9,9
16320,534,0,0,2,ab,7,0,0,0,0,0,0
16331,504,0,0,3,0,cb,1,0,0,0,0,0
16336,500,0,0,1,1,0,0,0,0,0,0,0
16345,508,0,0,5,0,0,0,0,1,0,0,0
16352,500,0,0,1,1,0,0,0,0,0,0,0
16358,508,0,0,5,0,0,0,0,1,0,0,0
16365,508,0,0,5,0,0,0,0,1,0,0,0
16371,508,0,0,5,0,0,0,0,1,0,0,0
16378,504,0,0,3,0,ca,1,0,0,0,0,0
16384,500,0,0,1,1,0,0,0,0,0,0,0
16391,500,0,0,1,1,0,0,0,0,0,0,0
16398,500,0,0,1,1,0,0,0,0,0,0,0
16404,534,0,0,2,ac,7,0,0,0,0,0,0
16411,504,0,0,3,0,ca,1,0,0,0,0,0
16418,508,0,0,5,0,0,0,0,1,0,0,0
16424,508,0,0,5,0,0,0,0,1,0,0,0
16431,508,0,0,5,0,0,0,0,1,0,0,0
16438,508,0,0,5,0,0,0,0,1,0,0,0
16444,504,0,0,3,0,cb,1,0,0,0,0,0
16453,548,0,0,6,1d,d0,0,b,a0,0,0,0
16460,504,0,0,3,0,ca,1,0,0,0,0,0
16467,500,0,0,1,1,0,0,0,0,0,0,0
16473,500,0,0,1,1,0,0,0,0,0,0,0
16480,550,0,0,4,19,1a,1d,0,0,0,0,0
16487,544,0,0,6,9,90,0,b,90,0,0,0
16494,54C,0,0,6,c,c0,0,c,90,0,0,0
16501,500,0,0,1,1,0,0,0,0,0,0,0
16508,500,0,0,1,1,0,0,0,0,0,0,0
16514,528,0,0,1,4,0,0,0,0,0,0,0
16521,534,0,0,2,ad,7,0,0,0,0,0,0
16528,508,0,0,5,0,0,0,0,1,0,0,0
16535,504,0,0,3,0,ca,1,0,0,0,0,0
16542,504,0,0,3,0,ca,1,0,0,0,0,0
16549,500,0,0,1,1,0,0,0,0,0,0,0
16558,524,0,0,8,0,9,9,9,9,9,9,9
16565,508,0,0,5,0,0,0,0,1,0,0,0
16572,500,0,0,1,1,0,0,0,0,0,0,0
16579,534,0,0,2,ac,7,0,0,0,0,0,0
16586,500,0,0,1,1,0,0,0,0,0,0,0
16593,54C,0,0,6,c,d0,0,c,90,0,0,0
16600,504,0,0,3,0,cb,1,0,0,0,0,0
16607,534,0,0,2,ac,7,0,0,0,0,0,0
16614,540,0,0,6,9,a0,0,8,90,0,0,0
16621,500,0,0,1,1,0,0,0,0,0,0,0
16628,52C,0,0,1,4,0,0,0,0,0,0,0
16635,504,0,0,3,0,ca,1,0,0,0,0,0
16643,548,0,0,6,1e,d0,0,b,a0,0,0,0
16650,508,0,0,5,0,0,0,0,1,0,0,0
16657,504,0,0,3,0,cb,1,0,0,0,0,0
16666,500,0,0,1,1,0,0,0,0,0,0,0
16674,514,0,0,3,3,ff,0,0,0,0,0,0
16681,550,0,0,4,19,1a,1d,0,0,0,0,0
16688,500,0,0,1,1,0,0,0,0,0,0,0
16696,504,0,0,3,0,cb,1,0,0,0,0,0
16703,500,0,0,1,1,0,0,0,0,0,0,0
16711,500,0,0,1,1,0,0,0,0,0,0,0
16718,504,0,0,3,0,cb,1,0,0,0,0,0
16726,540,0,0,6,9,90,0,8,90,0,0,0
16733,508,0,0,5,0,0,0,0,1,0,0,0
16741,570,0,0,1,1a,0,0,0,0,0,0,0
16748,508,0,0,5,0,0,0,0,1,0,0,0
16756,548,0,0,6,1d,d0,0,b,a0,0,0,0
16763,500,0,0,1,1,0,0,0,0,0,0,0
16771,534,0,0,2,ac,7,0,0,0,0,0,0
16780,504,0,0,3,0,cb,1,0,0,0,0,0
16788,500,0,0,1,1,0,0,0,0,0,0,0
16796,500,0,0,1,1,0,0,0,0,0,0,0
16803,508,0,0,5,0,0,0,0,1,0,0,0
16811,548,0,0,6,1d,d0,0,b,a0,0,0,0
16818,54C,0,0,6,b,c0,0,c,90,0,0,0
16826,514,0,0,3,3,ff,0,0,0,0,0,0
16834,500,0,0,1,1,0,0,0,0,0,0,0
16841,508,0,0,5,0,0,0,0,1,0,0,0
16849,504,0,0,3,0,cb,1,0,0,0,0,0
16857,508,0,0,5,0,0,0,0,1,0,0,0
16865,534,0,0,2,ab,7,0,0,0,0,0,0
16872,54C,0,0,6,c,c0,0,c,90,0,0,0
16880,508,0,0,5,0,0,0,0,1,0,0,0
16888,534,0,0,2,ac,7,0,0,0,0,0,0
16898,500,0,0,1,1,0,0,0,0,0,0,0
16906,500,0,0,1,1,0,0,0,0,0,0,0
16914,500,0,0,1,1,0,0,0,0,0,0,0
16921,548,0,0,6,1d,d0,0,b,a0,0,0,0
16929,54C,0,0,6,c,c0,0,c,90,0,0,0
16937,500,0,0,1,1,0,0,0,0,0,0,0
16945,504,0,0,3,0,cb,1,0,0,0,0,0
16952,500,0,0,1,1,0,0,0,0,0,0,0
16960,570,0,0,1,1a,0,0,0,0,0,0,0
16968,504,0,0,3,0,cb,1,0,0,0,0,0
16976,514,0,0,3,3,ff,0,0,0,0,0,0
16984,520,0,0,8,9,9,9,9,b,9,9,9
16991,504,0,0,3,0,cb,1,0,0,0,0,0
16999,500,0,0,1,1,0,0,0,0,0,0,0
17007,508,0,0,5,0,0,0,0,1,0,0,0
17017,504,0,0,3,0,cb,1,0,0,0,0,0
17026,504,0,0,3,0,cb,1,0,0,0,0,0
17033,500,0,0,1,1,0,0,0,0,0,0,0
17041,500,0,0,1,1,0,0,0,0,0,0,0
17049,512,0,0,4,0,0,0,0,0,0,0,0
17057,500,0,0,1,1,0,0,0,0,0,0,0
17065,534,0,0,2,ac,7,0,0,0,0,0,0
17073,504,0,0,3,0,cb,1,0,0,0,0,0
17081,568,0,0,1,14,0,0,0,0,0,0,0
17089,508,0,0,5,0,0,0,0,1,0,0,0
17097,508,0,0,5,0,0,0,0,1,0,0,0
17105,504,0,0,3,0,cb,1,0,0,0,0,0
17113,534,0,0,2,ab,7,0,0,0,0,0,0
17121,508,0,0,5,0,0,0,0,1,0,0,0
17129,554,0,0,4,0,0,0,0,0,0,0,0
17138,500,0,0,1,1,0,0,0,0,0,0,0
17148,500,0,0,1,1,0,0,0,0,0,0,0
17156,534,0,0,2,ac,7,0,0,0,0,0,0
17164,524,0,0,8,0,9,9,9,9,9,9,9
17172,508,0,0,5,0,0,0,0,1,0,0,0
17181,500,0,0,1,1,0,0,0,0,0,0,0
17189,544,0,0,6,9,80,0,c,90,0,0,0
17197,54C,0,0,6,c,c0,0,c,90,0,0,0
17205,508,0,0,5,0,0,0,0,1,0,0,0
17213,540,0,0,6,9,90,0,9,90,0,0,0
17222,504,0,0,3,0,ca,1,0,0,0,0,0
17230,500,0,0,1,1,0,0,0,0,0,0,0
17238,55C,0,0,1,14,0,0,0,0,0,0,0
17247,548,0,0,6,1d,d0,0,b,a0,0,0,0
17255,504,0,0,3,0,cb,1,0,0,0,0,0
17263,500,0,0,1,1,0,0,0,0,0,0,0
17274,524,0,0,8,0,9,9,9,9,9,9,9
17282,500,0,0,1,1,0,0,0,0,0,0,0
17291,55C,0,0,1,14,0,0,0,0,0,0,0
17299,500,0,0,1,1,0,0,0,0,0,0,0
17308,500,0,0,1,1,0,0,0,0,0,0,0
17316,504,0,0,3,0,ca,1,0,0,0,0,0
17324,540,0,0,6,9,90,0,8,90,0,0,0
17333,509,0,0,6,7f,ff,7f,ff,7f,ff,0,0
17341,508,0,0,5,0,0,0,0,1,0,0,0
17350,504,0,0,3,0,cb,1,0,0,0,0,0
17358,54C,0,0,6,c,c0,0,c,90,0,0,0
17366,500,0,0,1,1,0,0,0,0,0,0,0
17375,512,0,0,4,0,0,0,0,0,0,0,0
17383,52C,0,0,1,4,0,0,0,0,0,0,0
17392,500,0,0,1,1,0,0,0,0,0,0,0
17410,500,0,0,1,1,0,0,0,0,0,0,0
17419,520,0,0,8,9,9,9,9,b,9,9,9
17428,504,0,0,3,0,cb,1,0,0,0,0,0
17437,540,0,0,6,9,90,0,8,90,0,0,0
17445,524,0,0,8,0,9,9,9,9,9,9,9
17454,508,0,0,5,0,0,0,0,1,0,0,0
17463,504,0,0,3,0,cb,1,0,0,0,0,0
17472,504,0,0,3,0,cb,1,0,0,0,0,0
17481,500,0,0,1,1,0,0,0,0,0,0,0
17489,528,0,0,1,4,0,0,0,0,0,0,0
17498,52C,0,0,1,4,0,0,0,0,0,0,0
17507,508,0,0,5,0,0,0,0,1,0,0,0
17516,500,0,0,1,1,0,0,0,0,0,0,0
17525,548,0,0,6,1d,d0,0,b,a0,0,0,0
17534,504,0,0,3,0,cb,1,0,0,0,0,0
17545,508,0,0,5,0,0,0,0,1,0,0,0
17554,524,0,0,8,0,9,9,9,9,9,9,9
17563,508,0,0,5,0,0,0,0,1,0,0,0
17572,534,0,0,2,ac,7,0,0,0,0,0,0
17581,548,0,0,6,1d,d0,0,b,a0,0,0,0
17590,504,0,0,3,0,ca,1,0,0,0,0,0
17599,500,0,0,1,1,0,0,0,0,0,0,0
17609,52C,0,0,1,4,0,0,0,0,0,0,0
17618,508,0,0,5,0,0,0,0,1,0,0,0
17627,508,0,0,5,0,0,0,0,1,0,0,0
17636,548,0,0,6,1d,d0,0,b,a0,0,0,0
17645,534,0,0,2,ac,7,0,0,0,0,0,0
17654,504,0,0,3,0,ca,1,0,0,0,0,0
17663,504,0,0,3,0,ca,1,0,0,0,0,0
17672,50C,0,0,3,77,6,1,0,0,0,0,0
17684,508,0,0,5,0,0,0,0,1,0,0,0
17694,504,0,0,3,0,cb,1,0,0,0,0,0
17703,504,0,0,3,0,cb,1,0,0,0,0,0
17712,524,0,0,8,0,9,9,9,9,9,9,9
17721,500,0,0,1,1,0,0,0,0,0,0,0
17730,500,0,0,1,1,0,0,0,0,0,0,0
17740,504,0,0,3,0,cb,1,0,0,0,0,0
17749,508,0,0,5,0,0,0,0,1,0,0,0
17758,508,0,0,5,0,0,0,0,1,0,0,0
17767,500,0,0,1,1,0,0,0,0,0,0,0
17777,500,0,0,1,1,0,0,0,0,0,0,0
17786,504,0,0,3,0,cb,1,0,0,0,0,0
17796,520,0,0,8,9,9,9,9,b,9,9,9
17801,504,0,0,3,0,cb,1,0,0,0,0,0
17807,500,0,0,1,1,0,0,0,0,0,0,0
17814,55C,0,0,1,14,0,0,0,0,0,0,0
17829,500,0,0,1,1,0,0,0,0,0,0,0
17835,548,0,0,6,1d,d0,0,b,a0,0,0,0
17841,508,0,0,5,0,0,0,0,1,0,0,0
17848,508,0,0,5,0,0,0,0,1,0,0,0
17854,508,0,0,5,0,0,0,0,1,0,0,0
17861,500,0,0,1,1,0,0,0,0,0,0,0
17867,500,0,0,1,1,0,0,0,0,0,0,0
17874,504,0,0,3,0,ca,1,0,0,0,0,0
17881,504,0,0,3,0,ca,1,0,0,0,0,0
17887,540,0,0,6,9,90,0,8,90,0,0,0
17894,534,0,0,2,aa,7,0,0,0,0,0,0
17900,500,0,0,1,1,0,0,0,0,0,0,0
17907,544,0,0,6,a,80,0,b,90,0,0,0
17914,508,0,0,5,0,0,0,0,1,0,0,0
17920,508,0,0,5,0,0,0,0,1,0,0,0
17929,568,0,0,1,14,0,0,0,0,0,0,0
17936,50C,0,0,3,77,6,1,0,0,0,0,0
17942,508,0,0,5,0,0,0,0,1,0,0,0
17949,508,0,0,5,0,0,0,0,1,0,0,0
17956,500,0,0,1,1,0,0,0,0,0,0,0
17963,540,0,0,6,9,a0,0,8,90,0,0,0
17969,504,0,0,3,0,ca,1,0,0,0,0,0
17976,504,0,0,3,0,cb,1,0,0,0,0,0
17983,548,0,0,6,1d,d0,0,b,a0,0,0,0
17990,54C,0,0,6,c,c0,0,c,90,0,0,0
17997,500,0,0,1,1,0,0,0,0,0,0,0
18003,524,0,0,8,0,9,9,9,9,9,9,9
18010,500,0,0,1,1,0,0,0,0,0,0,0
18017,508,0,0,5,0,0,0,0,1,0,0,0
18024,544,0,0,6,9,80,0,b,90,0,0,0
18033,520,0,0,8,9,9,9,9,b,9,9,9
18040,534,0,0,2,ac,7,0,0,0,0,0,0
18047,504,0,0,3,0,cb,1,0,0,0,0,0
18054,508,0,0,5,0,0,0,0,1,0,0,0
18061,504,0,0,3,0,cb,1,0,0,0,0,0
18068,544,0,0,6,a,80,0,b,90,0,0,0
18075,504,0,0,3,0,cb,1,0,0,0,0,0
18082,550,0,0,4,19,1a,1d,0,0,0,0,0
18089,534,0,0,2,ac,7,0,0,0,0,0,0
18096,508,0,0,5,0,0,0,0,1,0,0,0
18103,554,0,0,4,0,0,0,0,0,0,0,0
18110,504,0,0,3,0,cb,1,0,0,0,0,0
18117,508,0,0,5,0,0,0,0,1,0,0,0
18124,500,0,0,1,1,0,0,0,0,0,0,0
18131,534,0,0,2,ac,7,0,0,0,0,0,0
18141,508,0,0,5,0,0,0,0,1,0,0,0
18148,500,0,0,1,1,0,0,0,0,0,0,0
18155,504,0,0,3,0,cb,1,0,0,0,0,0
18163,508,0,0,5,0,0,0,0,1,0,0,0
18170,504,0,0,3,0,cb,1,0,0,0,0,0
18177,534,0,0,2,ab,7,0,0,0,0,0,0
18185,508,0,0,5,0,0,0,0,1,0,0,0
18192,504,0,0,3,0,cb,1,0,0,0,0,0
18199,534,0,0,2,ac,7,0,0,0,0,0,0
18207,512,0,0,4,0,0,0,0,0,0,0,0
18214,508,0,0,5,0,0,0,0,1,0,0,0
18222,500,0,0,1,1,0,0,0,0,0,0,0
18229,504,0,0,3,0,cb,1,0,0,0,0,0
18237,544,0,0,6,9,80,0,b,90,0,0,0
18244,500,0,0,1,1,0,0,0,0,0,0,0
18254,504,0,0,3,0,cb,1,0,0,0,0,0
18261,512,0,0,4,0,0,0,0,0,0,0,0
18269,540,0,0,6,9,a0,0,8,90,0,0,0
18276,504,0,0,3,0,cb,1,0,0,0,0,0
18284,504,0,0,3,0,cb,1,0,0,0,0,0
18292,500,0,0,1,1,0,0,0,0,0,0,0
18299,504,0,0,3,0,cb,1,0,0,0,0,0
18307,54C,0,0,6,c,c0,0,c,90,0,0,0
18314,508,0,0,5,0,0,0,0,1,0,0,0
18322,534,0,0,2,ac,7,0,0,0,0,0,0
18330,500,0,0,1,1,0,0,0,0,0,0,0
18337,514,0,0,3,3,ff,0,0,0,0,0,0
18345,534,0,0,2,ac,7,0,0,0,0,0,0
18353,500,0,0,1,1,0,0,0,0,0,0,0
18361,504,0,0,3,0,ca,1,0,0,0,0,0
18368,534,0,0,2,ac,7,0,0,0,0,0,0
18378,540,0,0,6,9,90,0,8,90,0,0,0
18386,524,0,0,8,0,9,9,9,9,9,9,9
18394,504,0,0,3,0,cb,1,0,0,0,0,0
18402,508,0,0,5,0,0,0,0,1,0,0,0
18409,520,0,0,8,9,9,9,9,b,9,9,9
18417,504,0,0,3,0,ca,1,0,0,0,0,0
18425,504,0,0,3,0,cb,1,0,0,0,0,0
18432,508,0,0,5,0,0,0,0,1,0,0,0
18440,524,0,0,8,0,9,9,9,9,9,9,9
18448,508,0,0,5,0,0,0,0,1,0,0,0
18456,500,0,0,1,1,0,0,0,0,0,0,0
18464,508,0,0,5,0,0,0,0,1,0,0,0
18471,54C,0,0,6,c,c0,0,c,90,0,0,0
18479,52C,0,0,1,4,0,0,0,0,0,0,0
18487,540,0,0,6,9,90,0,8,90,0,0,0
18497,504,0,0,3,0,cb,1,0,0,0,0,0
18505,508,0,0,5,0,0,0,0,1,0,0,0
18513,550,0,0,4,19,1a,1d,0,0,0,0,0
18521,548,0,0,6,1d,d0,0,b,a0,0,0,0
18529,564,0,0,1,14,0,0,0,0,0,0,0
18537,508,0,0,5,0,0,0,0,1,0,0,0
18545,504,0,0,3,0,cb,1,0,0,0,0,0
18553,504,0,0,3,0,cb,1,0,0,0,0,0
18561,500,0,0,1,1,0,0,0,0,0,0,0
18569,508,0,0,5,0,0,0,0,1,0,0,0
18577,508,0,0,5,0,0,0,0,1,0,0,0
18585,500,0,0,1,1,0,0,0,0,0,0,0
18593,504,0,0,3,0,cb,1,0,0,0,0,0
18601,508,0,0,5,0,0,0,0,1,0,0,0
18609,508,0,0,5,0,0,0,0,1,0,0,0
18619,534,0,0,2,ac,7,0,0,0,0,0,0
18627,504,0,0,3,0,cb,1,0,0,0,0,0
18635,504,0,0,3,0,ca,1,0,0,0,0,0
18643,540,0,0,6,9,a0,0,8,a0,0,0,0
18651,508,0,0,5,0,0,0,0,1,0,0,0
18660,534,0,0,2,ac,7,0,0,0,0,0,0
18668,544,0,0,6,9,80,0,b,90,0,0,0
18676,500,0,0,1,1,0,0,0,0,0,0,0
18684,508,0,0,5,0,0,0,0,1,0,0,0
18692,52C,0,0,1,4,0,0,0,0,0,0,0
18701,540,0,0,6,9,a0,0,8,90,0,0,0
18709,524,0,0,8,0,9,9,9,9,9,9,9
18717,50C,0,0,3,77,6,1,0,0,0,0,0
18725,544,0,0,6,9,80,0,b,90,0,0,0
18734,500,0,0,1,1,0,0,0,0,0,0,0
18744,54C,0,0,6,c,d0,0,c,90,0,0,0
18752,504,0,0,3,0,ca,1,0,0,0,0,0
18761,524,0,0,8,0,9,9,9,9,9,9,9
18769,509,0,0,6,7f,ff,7f,ff,7f,ff,0,0
18777,504,0,0,3,0,cb,1,0,0,0,0,0
18786,520,0,0,8,9,9,9,9,b,9,9,9
18794,528,0,0,1,4,0,0,0,0,0,0,0
18803,500,0,0,1,1,0,0,0,0,0,0,0
18811,508,0,0,5,0,0,0,0,1,0,0,0
18819,508,0,0,5,0,0,0,0,1,0,0,0
18828,508,0,0,5,0,0,0,0,1,0,0,0
18836,500,0,0,1,1,0,0,0,0,0,0,0
18845,548,0,0,6,1d,d0,0,b,a0,0,0,0
18853,508,0,0,5,0,0,0,0,1,0,0,0
18862,500,0,0,1,1,0,0,0,0,0,0,0
18878,504,0,0,3,0,ca,1,0,0,0,0,0
18889,504,0,0,3,0,cb,1,0,0,0,0,0
18897,504,0,0,3,0,cb,1,0,0,0,0,0
18906,548,0,0,6,1d,d0,0,b,a0,0,0,0
18915,50C,0,0,3,77,6,1,0,0,0,0,0
18924,508,0,0,5,0,0,0,0,1,0,0,0
18932,524,0,0,8,0,9,9,9,9,9,9,9
18941,534,0,0,2,ab,7,0,0,0,0,0,0
18950,544,0,0,6,9,80,0,b,90,0,0,0
18959,564,0,0,1,14,0,0,0,0,0,0,0
18967,508,0,0,5,0,0,0,0,1,0,0,0
18976,508,0,0,5,0,0,0,0,1,0,0,0
18985,500,0,0,1,1,0,0,0,0,0,0,0
18994,504,0,0,3,0,ca,1,0,0,0,0,0
19003,544,0,0,6,9,80,0,b,90,0,0,0
19014,520,0,0,8,9,9,9,9,b,9,9,9
19023,54C,0,0,6,c,c0,0,c,90,0,0,0
19032,504,0,0,3,0,cb,1,0,0,0,0,0
19041,508,0,0,5,0,0,0,0,1,0,0,0
19050,508,0,0,5,0,0,0,0,1,0,0,0
19059,544,0,0,6,9,80,0,b,90,0,0,0
19068,500,0,0,1,1,0,0,0,0,0,0,0
19077,504,0,0,3,0,cb,1,0,0,0,0,0
19086,508,0,0,5,0,0,0,0,1,0,0,0
19095,508,0,0,5,0,0,0,0,1,0,0,0
19104,534,0,0,2,ac,7,0,0,0,0,0,0
19113,544,0,0,6,9,80,0,b,90,0,0,0
19122,504,0,0,3,0,cb,1,0,0,0,0,0
19131,54C,0,0,6,c,c0,0,c,90,0,0,0
19140,508,0,0,5,0,0,0,0,1,0,0,0
19152,504,0,0,3,0,cb,1,0,0,0,0,0
19161,544,0,0,6,9,90,0,b,90,0,0,0
19170,548,0,0,6,1d,d0,0,b,a0,0,0,0
19180,500,0,0,1,1,0,0,0,0,0,0,0
19189,504,0,0,3,0,cb,1,0,0,0,0,0
19198,504,0,0,3,0,cb,1,0,0,0,0,0
19207,534,0,0,2,ac,7,0,0,0,0,0,0
19216,508,0,0,5,0,0,0,0,1,0,0,0
19225,500,0,0,1,1,0,0,0,0,0,0,0
19235,52C,0,0,1,4,0,0,0,0,0,0,0
19244,540,0,0,6,9,a0,0,8,90,0,0,0
19253,534,0,0,2,ac,7,0,0,0,0,0,0
19262,544,0,0,6,a,80,0,b,90,0,0,0
19271,500,0,0,1,1,0,0,0,0,0,0,0
19280,504,0,0,3,0,cb,1,0,0,0,0,0
19290,508,0,0,5,0,0,0,0,1,0,0,0
19297,504,0,0,3,0,cb,1,0,0,0,0,0
19302,509,0,0,6,7f,ff,7f,ff,7f,ff,0,0
19309,508,0,0,5,0,0,0,0,1,0,0,0
19315,520,0,0,8,9,9,9,9,b,9,9,9
19323,52C,0,0,1,4,0,0,0,0,0,0,0
19334,504,0,0,3,0,cb,1,0,0,0,0,0
19340,504,0,0,3,0,ca,1,0,0,0,0,0
19346,504,0,0,3,0,cb,1,0,0,0,0,0
19353,508,0,0,5,0,0,0,0,1,0,0,0
19359,500,0,0,1,1,0,0,0,0,0,0,0
19366,504,0,0,3,0,cb,1,0,0,0,0,0
19372,508,0,0,5,0,0,0,0,1,0,0,0
19379,508,0,0,5,0,0,0,0,1,0,0,0
19385,508,0,0,5,0,0,0,0,1,0,0,0
19392,534,0,0,2,ac,7,0,0,0,0,0,0
19400,52C,0,0,1,4,0,0,0,0,0,0,0
19407,500,0,0,1,1,0,0,0,0,0,0,0
19414,504,0,0,3,0,ca,1,0,0,0,0,0
19420,504,0,0,3,0,cb,1,0,0,0,0,0
19427,504,0,0,3,0,cb,1,0,0,0,0,0
19434,548,0,0,6,1e,d0,0,b,a0,0,0,0
19440,54C,0,0,6,c,c0,0,c,90,0,0,0
19447,540,0,0,6,9,a0,0,9,90,0,0,0
19454,504,0,0,3,0,cb,1,0,0,0,0,0
19461,504,0,0,3,0,cb,1,0,0,0,0,0
19467,520,0,0,8,9,9,9,9,b,9,9,9
19474,508,0,0,5,0,0,0,0,1,0,0,0
19481,508,0,0,5,0,0,0,0,1,0,0,0
19488,500,0,0,1,1,0,0,0,0,0,0,0
19495,504,0,0,3,0,cb,1,0,0,0,0,0
19503,504,0,0,3,0,ca,1,0,0,0,0,0
19510,520,0,0,8,9,9,9,9,b,9,9,9
19517,508,0,0,5,0,0,0,0,1,0,0,0
19524,54C,0,0,6,c,c0,0,c,90,0,0,0
19531,540,0,0,6,9,a0,0,8,90,0,0,0
19538,504,0,0,3,0,ca,1,0,0,0,0,0
19545,504,0,0,3,0,ca,1,0,0,0,0,0
19552,508,0,0,5,0,0,0,0,1,0,0,0
19559,504,0,0,3,0,ca,1,0,0,0,0,0
19566,508,0,0,5,0,0,0,0,1,0,0,0
19573,508,0,0,5,0,0,0,0,1,0,0,0
19580,504,0,0,3,0,cb,1,0,0,0,0,0
19587,508,0,0,5,0,0,0,0,1,0,0,0
19594,504,0,0,3,0,cb,1,0,0,0,0,0
19601,504,0,0,3,0,cb,1,0,0,0,0,0
19610,508,0,0,5,0,0,0,0,1,0,0,0
19617,504,0,0,3,0,cb,1,0,0,0,0,0
19624,548,0,0,6,1e,d0,0,b,a0,0,0,0
19632,54C,0,0,6,c,c0,0,c,90,0,0,0
19639,508,0,0,5,0,0,0,0,1,0,0,0
19646,508,0,0,5,0,0,0,0,1,0,0,0
19653,524,0,0,8,0,9,9,9,9,9,9,9
19661,508,0,0,5,0,0,0,0,1,0,0,0
19668,520,0,0,8,9,9,9,9,b,9,9,9
19675,52C,0,0,1,4,0,0,0,0,0,0,0
19683,508,0,0,5,0,0,0,0,1,0,0,0
19690,504,0,0,3,0,cb,1,0,0,0,0,0
19697,550,0,0,4,19,1a,1d,0,0,0,0,0
19705,508,0,0,5,0,0,0,0,1,0,0,0
19712,504,0,0,3,0,cb,1,0,0,0,0,0
19722,544,0,0,6,9,90,0,b,90,0,0,0
19729,534,0,0,2,ac,7,0,0,0,0,0,0
19737,504,0,0,3,0,ca,1,0,0,0,0,0
19744,54C,0,0,6,c,c0,0,c,90,0,0,0
19752,534,0,0,2,ac,7,0,0,0,0,0,0
19759,570,0,0,1,1a,0,0,0,0,0,0,0
19767,508,0,0,5,0,0,0,0,1,0,0,0
19774,504,0,0,3,0,cb,1,0,0,0,0,0
19782,508,0,0,5,0,0,0,0,1,0,0,0
19789,548,0,0,6,1d,d0,0,b,a0,0,0,0
19797,504,0,0,3,0,cb,1,0,0,0,0,0
19804,508,0,0,5,0,0,0,0,1,0,0,0
19812,508,0,0,5,0,0,0,0,1,0,0,0
19820,524,0,0,8,0,9,9,9,9,9,9,9
19827,544,0,0,6,9,90,0,b,90,0,0,0
19837,508,0,0,5,0,0,0,0,1,0,0,0
19845,504,0,0,3,0,cb,1,0,0,0,0,0
19853,504,0,0,3,0,cb,1,0,0,0,0,0
19860,540,0,0,6,9,a0,0,8,90,0,0,0
19868,508,0,0,5,0,0,0,0,1,0,0,0
19876,524,0,0,8,0,9,9,9,9,9,9,9
19883,544,0,0,6,a,90,0,b,90,0,0,0
19891,50C,0,0,3,77,6,1,0,0,0,0,0
19899,508,0,0,5,0,0,0,0,1,0,0,0
19906,508,0,0,5,0,0,0,0,1,0,0,0
19914,540,0,0,6,9,a0,0,8,90,0,0,0
19922,508,0,0,5,0,0,0,0,1,0,0,0
19929,524,0,0,8,0,9,9,9,9,9,9,9
19937,500,0,0,1,1,0,0,0,0,0,0,0
19945,520,0,0,8,9,9,9,9,b,9,9,9
19955,508,0,0,5,0,0,0,0,1,0,0,0
19963,508,0,0,5,0,0,0,0,1,0,0,0
19970,504,0,0,3,0,cb,1,0,0,0,0,0
19978,508,0,0,5,0,0,0,0,1,0,0,0
19986,544,0,0,6,9,80,0,b,90,0,0,0
19994,508,0,0,5,0,0,0,0,1,0,0,0
20002,52C,0,0,1,4,0,0,0,0,0,0,0
20010,548,0,0,6,1d,d0,0,b,a0,0,0,0
20018,500,0,0,1,1,0,0,0,0,0,0,0
20025,508,0,0,5,0,0,0,0,1,0,0,0
20033,508,0,0,5,0,0,0,0,1,0,0,0
20041,500,0,0,1,1,0,0,0,0,0,0,0
20049,520,0,0,8,9,9,9,9,b,9,9,9
20057,508,0,0,5,0,0,0,0,1,0,0,0
20065,500,0,0,1,1,0,0,0,0,0,0,0
20073,54C,0,0,6,c,c0,0,c,90,0,0,0
20083,500,0,0,1,1,0,0,0,0,0,0,0
20091,524,0,0,8,0,9,9,9,9,9,9,9
20099,508,0,0,5,0,0,0,0,1,0,0,0
20107,528,0,0,1,4,0,0,0,0,0,0,0
20115,534,0,0,2,ac,7,0,0,0,0,0,0
20123,54C,0,0,6,c,c0,0,c,90,0,0,0
20131,50C,0,0,3,77,6,1,0,0,0,0,0
20140,508,0,0,5,0,0,0,0,1,0,0,0
20148,508,0,0,5,0,0,0,0,1,0,0,0
20156,554,0,0,4,0,0,0,0,0,0,0,0
20164,534,0,0,2,ac,7,0,0,0,0,0,0
20172,508,0,0,5,0,0,0,0,1,0,0,0
20180,500,0,0,1,1,0,0,0,0,0,0,0
20188,500,0,0,1,1,0,0,0,0,0,0,0
20197,524,0,0,8,0,9,9,9,9,9,9,9
20207,544,0,0,6,9,90,0,b,90,0,0,0
20215,528,0,0,1,4,0,0,0,0,0,0,0
20224,508,0,0,5,0,0,0,0,1,0,0,0
20232,534,0,0,2,ad,7,0,0,0,0,0,0
20240,508,0,0,5,0,0,0,0,1,0,0,0
20248,500,0,0,1,1,0,0,0,0,0,0,0
20257,508,0,0,5,0,0,0,0,1,0,0,0
20265,520,0,0,8,9,9,9,9,b,9,9,9
20273,500,0,0,1,1,0,0,0,0,0,0,0
20282,548,0,0,6,1d,d0,0,b,a0,0,0,0
20290,50C,0,0,3,77,6,1,0,0,0,0,0
20298,508,0,0,5,0,0,0,0,1,0,0,0
20307,500,0,0,1,1,0,0,0,0,0,0,0
20315,544,0,0,6,a,80,0,b,90,0,0,0
20324,500,0,0,1,1,0,0,0,0,0,0,0
20334,508,0,0,5,0,0,0,0,1,0,0,0
20343,512,0,0,4,0,0,0,0,0,0,0,0
20357,508,0,0,5,0,0,0,0,1,0,0,0
20367,508,0,0,5,0,0,0,0,1,0,0,0
20376,534,0,0,2,ac,7,0,0,0,0,0,0
20384,520,0,0,8,9,9,9,9,b,9,9,9
20393,50C,0,0,3,77,6,1,0,0,0,0,0
20402,508,0,0,5,0,0,0,0,1,0,0,0
20410,508,0,0,5,0,0,0,0,1,0,0,0
20419,500,0,0,1,1,0,0,0,0,0,0,0
20428,544,0,0,6,9,80,0,b,90,0,0,0
20437,528,0,0,1,4,0,0,0,0,0,0,0
20445,534,0,0,2,ac,7,0,0,0,0,0,0
20454,548,0,0,6,1d,d0,0,b,a0,0,0,0
20463,54C,0,0,6,b,c0,0,c,90,0,0,0
20472,508,0,0,5,0,0,0,0,1,0,0,0
20483,544,0,0,6,9,80,0,b,90,0,0,0
20492,500,0,0,1,1,0,0,0,0,0,0,0
20501,500,0,0,1,1,0,0,0,0,0,0,0
20509,548,0,0,6,1e,d0,0,b,a0,0,0,0
20518,54C,0,0,6,c,c0,0,c,90,0,0,0
20527,500,0,0,1,1,0,0,0,0,0,0,0
20536,524,0,0,8,0,9,9,9,9,9,9,9
20545,528,0,0,1,4,0,0,0,0,0,0,0
20554,514,0,0,3,3,ff,0,0,0,0,0,0
20563,500,0,0,1,1,0,0,0,0,0,0,0
20572,54C,0,0,6,c,c0,0,c,90,0,0,0
20581,534,0,0,2,ac,7,0,0,0,0,0,0
20590,524,0,0,8,0,9,9,9,9,9,9,9
20599,504,0,0,3,0,ca,1,0,0,0,0,0
20608,500,0,0,1,1,0,0,0,0,0,0,0
20620,570,0,0,1,1a,0,0,0,0,0,0,0
20629,508,0,0,5,0,0,0,0,1,0,0,0
20638,500,0,0,1,1,0,0,0,0,0,0,0
20647,52C,0,0,1,4,0,0,0,0,0,0,0
20656,500,0,0,1,1,0,0,0,0,0,0,0
20665,534,0,0,2,ac,7,0,0,0,0,0,0
20674,509,0,0,6,7f,ff,7f,ff,7f,ff,0,0
20683,500,0,0,1,1,0,0,0,0,0,0,0
20692,524,0,0,8,0,9,9,9,9,9,9,9
20701,520,0,0,8,9,9,9,9,b,9,9,9
20711,534,0,0,2,ac,7,0,0,0,0,0,0
20720,504,0,0,3,0,cb,1,0,0,0,0,0
20729,54C,0,0,6,c,c0,0,c,90,0,0,0
20738,500,0,0,1,1,0,0,0,0,0,0,0
20747,508,0,0,5,0,0,0,0,1,0,0,0
20759,508,0,0,5,0,0,0,0,1,0,0,0
20768,508,0,0,5,0,0,0,0,1,0,0,0
20778,504,0,0,3,0,cb,1,0,0,0,0,0
20787,500,0,0,1,1,0,0,0,0,0,0,0
20797,500,0,0,1,1,0,0,0,0,0,0,0
20802,544,0,0,6,9,80,0,b,90,0,0,0
20809,508,0,0,5,0,0,0,0,1,0,0,0
20815,534,0,0,2,ad,7,0,0,0,0,0,0
20823,500,0,0,1,1,0,0,0,0,0,0,0
20834,500,0,0,1,1,0,0,0,0,0,0,0
20839,508,0,0,5,0,0,0,0,1,0,0,0
20846,528,0,0,1,4,0,0,0,0,0,0,0
20852,508,0,0,5,0,0,0,0,1,0,0,0
20859,504,0,0,3,0,cb,1,0,0,0,0,0
20865,54C,0,0,6,c,c0,0,c,90,0,0,0
20874,500,0,0,1,1,0,0,0,0,0,0,0
20880,544,0,0,6,9,80,0,b,90,0,0,0
20887,508,0,0,5,0,0,0,0,1,0,0,0
20894,508,0,0,5,0,0,0,0,1,0,0,0
20900,540,0,0,6,9,a0,0,8,90,0,0,0
20907,504,0,0,3,0,cb,1,0,0,0,0,0
20914,534,0,0,2,ac,7,0,0,0,0,0,0
20920,528,0,0,1,4,0,0,0,0,0,0,0
20927,514,0,0,3,3,ff,0,0,0,0,0,0
20934,508,0,0,5,0,0,0,0,1,0,0,0
20940,504,0,0,3,0,cb,1,0,0,0,0,0
20947,504,0,0,3,0,cb,1,0,0,0,0,0
20954,524,0,0,8,0,9,9,9,9,9,9,9
20961,534,0,0,2,ac,7,0,0,0,0,0,0
20967,570,0,0,1,1a,0,0,0,0,0,0,0
20976,548,0,0,6,1d,d0,0,b,a0,0,0,0
20983,508,0,0,5,0,0,0,0,1,0,0,0
20990,524,0,0,8,0,9,9,9,9,9,9,9
20996,504,0,0,3,0,cb,1,0,0,0,0,0
21003,500,0,0,1,1,0,0,0,0,0,0,0
21010,500,0,0,1,1,0,0,0,0,0,0,0
21017,508,0,0,5,0,0,0,0,1,0,0,0
21024,504,0,0,3,0,cb,1,0,0,0,0,0
21031,534,0,0,2,ac,7,0,0,0,0,0,0
21038,524,0,0,8,0,9,9,9,9,9,9,9
21045,534,0,0,2,ac,7,0,0,0,0,0,0
21052,500,0,0,1,1,0,0,0,0,0,0,0
21059,548,0,0,6,1d,d0,0,b,a0,0,0,0
21066,508,0,0,5,0,0,0,0,1,0,0,0
21073,54C,0,0,6,c,c0,0,c,90,0,0,0
21082,504,0,0,3,0,cb,1,0,0,0,0,0
21089,500,0,0,1,1,0,0,0,0,0,0,0
21096,520,0,0,8,9,9,9,9,b,9,9,9
21103,550,0,0,4,19,1a,1d,0,0,0,0,0
21110,500,0,0,1,1,0,0,0,0,0,0,0
21117,534,0,0,2,ac,7,0,0,0,0,0,0
21125,500,0,0,1,1,0,0,0,0,0,0,0
21132,554,0,0,4,0,0,0,0,0,0,0,0
21139,504,0,0,3,0,cb,1,0,0,0,0,0
21146,544,0,0,6,a,80,0,b,90,0,0,0
21154,520,0,0,8,9,9,9,9,b,9,9,9
21161,508,0,0,5,0,0,0,0,1,0,0,0
21168,500,0,0,1,1,0,0,0,0,0,0,0
21176,504,0,0,3,0,cb,1,0,0,0,0,0
21183,500,0,0,1,1,0,0,0,0,0,0,0
21190,508,0,0,5,0,0,0,0,1,0,0,0
21200,504,0,0,3,0,ca,1,0,0,0,0,0
21207,514,0,0,3,3,ff,0,0,0,0,0,0
21215,508,0,0,5,0,0,0,0,1,0,0,0
21222,504,0,0,3,0,cb,1,0,0,0,0,0
21230,548,0,0,6,1d,d0,0,b,a0,0,0,0
21237,504,0,0,3,0,cb,1,0,0,0,0,0
21245,504,0,0,3,0,cb,1,0,0,0,0,0
21252,500,0,0,1,1,0,0,0,0,0,0,0
21260,504,0,0,3,0,ca,1,0,0,0,0,0
21267,500,0,0,1,1,0,0,0,0,0,0,0
21275,500,0,0,1,1,0,0,0,0,0,0,0
21282,508,0,0,5,0,0,0,0,1,0,0,0
21290,540,0,0,6,9,a0,0,8,90,0,0,0
21297,54C,0,0,6,c,c0,0,c,90,0,0,0
21305,508,0,0,5,0,0,0,0,1,0,0,0
21315,508,0,0,5,0,0,0,0,1,0,0,0
21323,550,0,0,4,19,1a,1d,0,0,0,0,0
21330,504,0,0,3,0,cb,1,0,0,0,0,0
21338,509,0,0,6,7f,ff,7f,ff,7f,ff,0,0
21345,540,0,0,6,9,90,0,9,90,0,0,0
21353,554,0,0,4,0,0,0,0,0,0,0,0
21361,500,0,0,1,1,0,0,0,0,0,0,0
